Season,Episode,Bread,D: Bread,Roll: Bread,Main,D: Main,Roll: Main,Cheese,D: Cheese,Roll: Cheese,Roughage,D: Roughage,Roll: Roughage,Wild Magic,D: Wild Magic,Roll: Wild Magic,Sauce,D: Sauce,Roll: Sauce,Spells Used,Rating,Date,Name,Did Earl Eat?
S1,1,Seeded,,,Pastrami,6,3,,,,Pickles,6,6,Salt and Pepper,6,6,Yellow Mustard,6,4,,6,2022-04-12,,
S1,2,Seeded,,,Tuna,6,2,No Cheese,4,4,"Lettuce, Avocado",8,"1,3",Extra Roughage,6,3,Mayonnaise,8,1,,5,2022-04-13,,
S1,3,Seeded,,,Crab Salad,6,5,Mexican Style,4,2,Tomato,8,2,,,,Ketchup,8,6,,2,2022-04-14,,
S1,4,Seeded,,,"Tuna, Chicken",6,2,No Cheese,4,4,Apple,8,5,Extra Main,6,4,Peanut Butter,8,5,,5.5,2022-04-15,,
S1,5,Seeded,,,"Turkey, Chicken",8,"1,4",Sharp Cheddar,4,1,White Onion,8,4,,,,Yellow Mustard,8,4,,7,2022-04-16,,
S1,6,Cinnamon Raisin,4,2,Braunschweiger,12,6,No Cheese,6,6,White Onion,10,3,Salt and Pepper,6,2,Pizza Sauce,20,18,,6.5,2022-04-18,,
S1,7,Seeded,4,1,Bologna,12,2,Muenster,6,2,Cucumber,10,4,Extra Roughage,6,4,Jam,20,6,,8.5,2022-04-19,,
S1,8,Seeded,4,1,Crab,12,3,Pepper Jack,6,4,Pickles,10,6,Salt and Pepper,6,2,Chocolate Syrup,20,2,,1.3,2022-04-20,,
S1,9,Cinnamon Raisin,4,2,Pastrami,12,7,Provolone,6,3,Cucumber,10,4,None,6,6,Brown Mustard,20,7,,9,2022-04-21,,
S1,10,Pumpernickel,4,4,Peanut Butter,12,9,Provolone,6,3,Tomato,10,2,Chips,6,1,Peanut Butter,20,9,,6.7,2022-04-22,,
S1,11,Onion Roll,4,2,"Butter, Bologna",12,"12,2",Cheddar,6,2,Red Onion,10,3,Salt and Pepper,6,2,Yellow Mustard,20,4,,7,2022-04-25,,
S1,12,Hawaiian,4,1,Peanut Butter,12,9,Havarti,6,1,"Apple, Tomato",10,"5,2",Extra Roughage,6,4,Marshmallow Fluff,20,18,,8.7,2022-04-26,,
S1,13,Pumpernickel,4,4,Spam,12,1,Pepper Jack,6,4,Jalapeños,10,7,Salt and Pepper,6,2,Hummus,20,13,,7,2022-04-28,,
S1,14,Hawaiian,4,1,"Bologna, Roast Beef",12,"5,2",Cream Cheese,6,5,Apple,12,5,Salt and Pepper,6,2,Ketchup,20,1,,5.8,2022-04-29,,
S1,14L,Onion Roll,4,2,"Salami, Braunschweiger",12,"3,6",Havarti,6,1,Jalapeños,12,7,,6,,,20,,,,,The Grog,
S1,15,Hawaiian,6,6,Tuna,12,10,Swiss,6,2,Banana,12,4,None,12,12,Marshmallow Fluff,20,18,,1,2022-05-02,,
S1,15L,Hawaiian,6,6,,12,,,6,,,12,,,12,,,20,,,,2022-05-02,,
S1,16,Sub Bun,6,1,Salami,12,3,Asiago Cheddar,6,1,Pineapple,12,9,Cinnamon,12,10,Peanut Butter,20,9,,9,2022-05-03,,
S1,17,Potato Bread,6,2,Pastrami,12,7,Asiago Cheddar,6,1,Banana,12,4,Dill,12,3,Red Wine Vinegar,20,10,,6.5,2022-05-04,,
S1,18,Pumpernickel,6,5,Olive Loaf,12,2,Asiago Cheddar,6,1,Onion,12,3,Chips,12,11,Wasabi Sauce,20,15,,8.5,2022-05-05,The Mosh Pit,
S1,19,Seeded,6,4,Hummus,12,8,Asiago Cheddar,6,1,Sauerkraut,12,7,None,12,12,Marshmallow Fluff,20,18,,0.5,2022-05-06,,
S1,20,Everything Bagel,6,3,Turkey,12,4,Cheese Curds,6,4,Apple,12,5,Salt and Pepper,12,2,Mayonnaise,20,5,,8,2022-05-09,,
S1,21,Everything Bagel,6,3,Olive Loaf,12,2,Swiss,6,2,"Pineapple, Onion",12,"9,3",Extra Roughage,12,7,Balsamic Reduction,20,14,,9.5,2022-05-10,,
S1,22,Sub Bun,6,1,Roast Beef,12,7,Vegan Cheddar,6,1,Lettuce,12,1,Bagel Seasoning,12,9,Ranch,20,3,,8.8,2022-05-11,,
S1,23,Waffles,6,3,Salami,12,3,Muenster,6,5,Lettuce,12,1,Bagel Seasoning,12,9,HP Sauce,20,9,,9,2022-05-12,,
S1,24,Naan,6,5,Pepperoni,12,1,No Cheese,6,6,Olives,12,10,Extra Sauce,12,1,"Brown Mustard, Mayonnaise",20,"7,5",,9.3,2022-05-13,,
S1,24L,Potato Bread,6,2,"Turkey, Pepperoni, Ham",12,"4,1,5","Vegan Cheddar, Cheese Curds",6,"1,4","Banana Peppers, Olives",12,"8,10","Cheetos, Bagel Seasoning",12,"4,9","Wasabi Sauce, Hot Honey",20,"15,18",,10,2022-05-13,The Mean Mug,
S1,25,Sub Bun,6,1,"Butter, Hummus",12,"12,8",Sharp Cheddar,6,4,Pickled Turnips,12,4,Cheetos,12,4,Balsamic Reduction,20,14,,6.7,2022-05-16,,
S1,26,Doughnut,6,1,Chicken,12,6,Sharp Cheddar,6,4,"Green Pepper, Sauerkraut",12,"11,7",Cheetos,12,4,Brown Mustard,20,7,,4,2022-05-17,,
S1,27,Cheddar Sourdough,6,4,"Butter, Chicken, Pepperoni",12,"12,6,1",Sharp Cheddar,6,4,"Alfalfa Sprouts, Coleslaw",12,"10,5",Bacon,12,2,Jam,20,6,,10,2022-05-18,The Slawful Good,
S1,28,Pretzel Bun,6,3,Pepperoni,12,1,Muenster,6,5,"Hearts of Palm, Coleslaw",12,"9,5",Chips,12,11,Horseradish,20,19,,5.1,2022-05-19,,
S1,28L,Tortilla,6,1,Chicken,12,6,Muenster,6,5,"Pickles, Tomato, Hearts of Palm",12,"6,4,9",Extra Sauce,12,1,"Red Wine Vinegar, Mayonnaise",20,"10,20",,10,2022-05-22,,
S1,29,Waffles,6,1,Bacon,12,3,Sharp Cheddar,6,4,"Lettuce, Sprouts, Sauerkraut, Banana Peppers",12,"1,10,7,8",Extra Roughage,12,7,Hot Honey,20,18,,3,2022-05-23,Plant Growth,
S1,30,Tortilla,6,1,Roast Beef,12,4,Muenster,6,5,"Sauerkraut, Banana Peppers",12,"7,8",Bacon,12,2,Banana Ketchup,20,3,,5,2022-05-24,DUCK'in Sauerkraut,
S1,31,Brioche,6,4,"Roast Beef, Tuna",12,"4,10",Provolone,6,3,"Tomato, Coleslaw",12,"5,4",Bacon,12,2,Marmite & Butter,20,2,,8.7,2022-05-25,,
S1,32,Sprouted Grain,6,6,Chicken,12,6,"Pimento Cheese, Vegan Cheddar",6,"2,1","Cucumber, Pickles, Avocado",12,"2,6,7",Extra Cheese,12,8,Guacamole Salsa,20,12,,9.2,2022-05-26,,
S1,33,Potato Bread,6,2,Ham,12,5,Vegan Cheddar,6,1,"Lettuce, Green Pepper",12,"1,11",Rally's Fry Seasoning,12,9,Red Wine Vinegar,20,10,,7.2,2022-05-27,,
S1,33L,Pretzel Bun,6,3,"Bacon, Butter, Chicken",12,"3,12,6",Pimento Cheese,6,2,"Cucumber, Green Pepper, Pickles",12,"2,11,6",Extra Roughage,20,11,Yum Yum Sauce,20,17,,10,2022-05-28,,
S1,34,Rye,6,5,Hamburger,12,3,Sharp Cheddar,6,4,"Pickles, Pickles",12,"6,6",Sprinkles,20,6,Banana Ketchup,20,3,,5.3,2022-05-31,,
S1,35,Pretzel Bun,6,3,Tofurkey,12,7,Provolone,6,3,"Pickled Beets, Cucumber",12,"4,2",FIRE,20,19,Red Wine Vinegar,20,10,,6.9,2022-06-01,,
S1,36,Croissant,6,6,Corned Beef,12,6,Havarti,6,5,"Pickles, Apple",12,"6,7",Extra Sauce,20,1,"Red Wine Vinegar, Barbecue Sauce",20,"10,12",,9.5,2022-06-02,,
S1,37,Croissant,6,6,Hamburger,12,3,Sharp Cheddar,6,4,Tomato,12,"5,11",Extra Sauce,20,1,"Honey Mustard Fry Sauce, Beano's",20,"13,18",,4.9,2022-06-03,,
S1,37L,Rye,6,5,"Salami, Garlic Bologna",12,"2,2",Vegan cheddar,6,1,"Apple, Parsnip",12,"7,3",Cheetos,20,4,Wasabi Sauce,20,15,,8.1,2022-06-05,,
S1,38,Potato Bread,6,2,Chicken,12,3,Havarti,6,5,"Cucumber, Tomato",12,"2,5",Cheetos,20,4,Kewpie Mayo,20,5,,7.1,2022-06-06,,
S1,39,Everything Bagel,6,4,Roast Beef,12,4,Havarti,6,5,"Banana Peppers, Green Pepper, Red Onion",12,"8,4,3",Lawry's Seasoning,20,9,Marshmallow Fluff,20,4,,6.2,2022-06-07,,
S1,40,Tortilla,6,1,"Butter, Smoked Ham",12,"12,5",Gouda,6,1,"Red Onion, Kiwi",12,"3,9",Rally's Fry Seasoning,20,13,Kewpie Mayo,20,19,,8.9,2022-06-08,,
S1,41,Croissant,6,6,Salami,12,2,Gouda,6,1,"Red Onion, Banana Peppers",12,"3,8",Furikake Seasoning,20,2,Cookie Butter,20,8,,0,2022-06-09,The Bad Buddy,Yes
S1,42,Italian,6,2,Peanut Butter,12,3,Goat Cheese,6,4,"Banana Peppers, Avocado, Lettuce",12,"8,9,1",Extra Roughage,20,11,Kewpie Mayo,20,19,,10,2022-06-10,The 42,
S1,43,Ciabatta,6,6,"Smoked Ham, Garlic Bologna",12,"5,9",Baby Swiss,6,2,"Pickles, Jalapeños",12,"6,10",Old Bay,20,3,Jam,20,13,,6.5,2022-06-13,,
S1,44,Tortilla,6,1,Chicken,12,8,Havarti,6,5,"Cucumber, Green Pepper",12,"2,4",Scrambled Eggs,20,16,Yum Yum Sauce,20,17,,5.9,2022-06-14,,
S1,45,Tortilla,6,1,"Oops, All Veggies!",12,10,Horseradish Cheddar,6,3,"Red Onion, Pickles, Tomato",12,"3,5,6",White Pepper,20,7,Wickles Spicy Red,20,16,,7.8,2022-06-15,,
S1,46,Sourdough,6,3,"Tofurkey, Roast Beef",12,"7,8",Baby Swiss,6,2,"Tomato, Fresh Basil",12,"5,11",Cinnamon,20,14,Jam,20,6,,8.1,2022-06-22,,
S1,47,Spinach wrap,6,6,"Oops, All Veggies!",12,10,Muenster,6,3,"Lettuce, Pickles, Carrots, Cucumber",12,"1,2,6,7",Pickled Eggs,20,4,Wickles Spicy Red,20,16,,8,2022-06-23,,
S1,48,Spinach wrap,6,6,Gyro Meat,12,9,Colby Jack,6,4,"Pickles, Cucumber, Red Onion",12,"6,2,3",Bacon,20,5,Banana Pepper Mustard,20,3,,9.2,2022-06-24,,
S1,48L,Naan,6,4,"Salami, Oops, All Veggies!",12,"2,10",Fresh Mozzarella,6,6,"Banana Peppers, Red Onion, Carrots, Avocado, Lettuce",12,"8,3,7,9,1",Extra Roughage,20,11,Jam,20,13,,8.7,2022-06-24,,
S1,49,Italian,6,2,Salami,12,2,Cream Cheese,6,1,"Red Onion, Red Onion, Carrots",12,"3,7",Pickled Eggs,20,4,Ketchup,20,1,,4.2,2022-06-27,,
S1,50,Naan,6,4,Peanut Butter,12,3,Fresh Mozzarella,6,6,"Apple, Carrots",12,"4,7",Bagel Seasoning,20,8,Balsamic Reduction,20,14,,6.8,2022-06-28,,
S2,51,Oat Nut,6,6,"Butter & Reroll, Salami",12,"12,2",Havarti,6,3,"Pickled Red Onions, Green Pepper",12,"3,7",Pickled Ginger,20,10,Kewpie Mayo,20,5,,10,2022-08-01,Ginger Dreams,
S2,52,Canned Bread,6,5,"Butter & Reroll, Salami",12,"12,2",Havarti,6,3,"Apple, Pickled Red Onions, Tomato",12,"4,3,5",Tajin,20,15,Barbecue Sauce,20,12,,4.5,2022-08-03,"""Can"" You Not?",
S2,53,Rice Cakes,6,1,Turkey,12,7,Espresso Cheese,6,6,"Tomato, Banana Peppers",12,"5,8",Bacon,12,5,Piccalilli,20,10,,8.2,2022-08-05,Cardboard Submarine,
S2,54,Cinnamon Raisin,6,3,Braunschweiger,12,4,Garlic Herb Goat Cheese,6,5,"Lettuce, Banana Peppers",12,"1,8",Oregano,20,7,Piccalilli,20,10,,7.2,2022-08-08,Sweet & Sour Surprise,
S2,55,Oat Nut,6,6,"Peanut Butter, Braunschweiger",12,"3,4",Processed Singles,6,1,"Pickled Red Onions, Banana Peppers, Pickled Garlic",12,"3,8,10",Tajin,20,15,Yum yum sauce,20,17,,4.9,2022-08-10,The Standoff,
S2,56,Rye,6,5,Ham,12,2,Cheddar,6,6,"Sauerkraut, Mandarin Oranges",12,"1,9",Sunflower Seeds,12,9,Sesame Ginger Dressing,20,20,,9.7,2022-08-12,The One-Yard Line,
S2,56L,Sub Bun,6,4,Roast Beef,12,8,Processed Singles,6,1,"Pickled Turnips, Grapes",12,"9,5",Chips,20,17,Nutella,20,4,,4.3,2022-08-12,TurNOPE,
S2,57,Pancake,6,1,Braunschweiger,12,4,Pepper Jack,6,2,"Lettuce, Pickled Garlic",12,"6,10",Old Bay,20,4,Ube Spread,20,2,,2.3,2022-08-15,The Mad Titan,Yes
S2,58,Italian,6,5,Ham,12,5,Havarti,6,3,Cucumber,12,5,Bacon,20,5,Jam,20,6,,10,2022-08-17,The Second Wind,
S2,59,English Muffin,6,2,"Vegan Chicken Patty, Hot Dogs",12,"10,4",Muenster,6,4,"Green Olives, Pickles, Pickled Garlic",12,"8,7,10",Salt and Pepper,20,18,Wasabi Sauce,20,9,,0,2022-08-19,The Abomination,
S2,60,Honey Wheat,6,6,Peanut Butter,12,3,Feta,6,6,"Raisins, Cucumber",12,"1,5",Pickle Seasoning,20,9,Brown Mustard,20,7,,7.5,2022-08-22,The Healing Waters,
S2,61,Beet Bread,6,4,Peanut Butter,12,4,Port Salut,6,2,"Apple, Tomato, Tomato",12,"4,8",Tajin,20,15,Ube Spread,20,2,,4.3,2022-08-24,"""Salut"" Your Shorts",
S2,62,Oat Nut,6,2,Roast Beef,12,8,Port Salut,6,2,"Raisins, Tomato",12,"1,8",Bacon,20,5,Banana Pepper Mustard,20,3,,9.2,2022-08-26,Banana Pepper's Ghost,
S2,63,Italian,6,5,Roast Beef,12,8,Vegan Provolone,6,1,"Raisins, Apple",12,"1,4",Cereal,20,3,Kimchi Mayo,20,19,,6.6,2022-08-29,Breakfast at Kim's,
S2,64,Italian,6,5,Sardines,12,1,Muenster,6,4,"Cucumber, Lettuce",12,"5,6",Pickled Ginger,20,10,Taco Bell Avocado Ranch,20,17,,0,2022-08-31,Failed Stealth Check,Yes
S2,65,Ezekiel,6,4,Roast Beef,12,8,Pepper Jack,6,3,"Tomatillos, Tomatillos, Tomatillos",12,2,Salt and Pepper,20,18,Dill Pickle Mustard,20,13,,8.5,2022-09-02,The Bruce Banner,
S2,66,Ezekiel,6,4,Refried Beans,12,1,Spray Cheese,6,2,"Cucumber, Kimchi",12,"5,9",Salt and Pepper,20,18,Nutella,12,4,,6.2,2022-09-07,The Plasmoid,
S2,67,English Muffin,6,3,"Butter & Reroll, Chicken",12,"12,3",Spray Cheese,6,2,"Tomato, Pickled Garlic",12,"8,10",Salt and Pepper,20,20,Taco Bell Avocado Ranch,20,17,,6.7,2022-09-09,The Overkill,
S2,68,English Muffin,6,2,Tuna,12,6,Spray Cheese,6,2,"Pear, Tomato",12,"4,8",Sprinkles,20,6,Banana Pepper Mustard,20,3,,3.5,2022-09-12,The Sweet-ish Fish,
S2,69,Honey Wheat,6,6,"Chicken, Peanut Butter",12,"3,9",Brunost,6,6,"Umeboshi, Cucumber",12,"2,5",Everything Bagel Seasoning,20,8,Dill Pickle Mustard,20,13,,10,2022-09-14,The Rotten Soldier,
S2,70,Ezekiel,6,4,Leftovers,12,4,White Cheddar,6,"1,5","Umeboshi, Pickled Okra",12,"2,6",Extra Cheese,20,12,Nando's Lemon Herb,20,8,,9.3,2022-09-16,Cheddar Boomerang,
S2,71,Pancake,6,1,Ham,12,7,Vegan Provolone,6,"1,3","Pickled Okra, Tomato",12,"6,8",Extra Cheese,20,12,Taco Bell Avocado Ranch,20,17,,5.9,2022-09-19,The Two-merang,
S2,72,Challah,6,4,Ham,12,7,Brunost,6,6,"Umeboshi, Umeboshi",12,2,Extra Sauce,20,2,"Black Truffle Mustard, Ketchup",20,"3,1",,7.1,2022-09-21,Cold Day in Hell,
S2,73,Honey Wheat,6,6,Turkey,12,8,Vegan Provolone,6,3,"Lettuce, Pickled Okra",12,"1,6",Extra Sauce,20,2,"Dill Pickle Mustard, Taco Bell Avocado Ranch",20,"13,17",,8.2,2022-09-23,False Sense of Security,
S2,74,Challah,6,4,Gefilte Fish,12,2,Vegan Provolone,6,3,"Kimchi, Kimchi",12,9,Black Garlic,20,8,Curry Mustard,20,7,,5.3,2022-09-26,The Shaggy,
S2,75,Rye,6,2,Lobster Salad,12,3,Mango Ginger Wensleydale,6,2,"Avocado, Pickles",12,"2,10",Cereal,20,3,Kewpie Mayo,20,5,,9.1,2022-09-28,Transatlantic Brunch,
S2,76,Challah,6,4,"Butter & Reroll, Salami",12,"12,5",Brunost,6,6,"Lettuce, Artichoke Hearts",12,"1,3",Rose Petals,20,7,Kewpie Mayo,20,5,,10,2022-09-30,The Belle,
S2,77,Cornbread,6,6,Vegan Chicken Patty,12,10,Ädelost,6,2,"Artichoke Hearts, Pickled Daikon Radish",12,"3,4",Salt and Pepper,20,18,Cashew Butter Masala,20,16,,4.9,2022-10-03,The Bedsheet Ghost,
S2,78,Cornbread,6,6,"Leftovers, Peanut Butter",12,"4,9",Colby Jack,6,3,"Cucumber, Cucumber",12,5,Extra Sauce,20,2,"Black Truffle Mustard, Black Truffle Mustard",20,3,,8.7,2022-10-05,Children of the Cornbread,
S2,79,Pop Tarts,6,1,Bologna,12,3,Ädelost,6,2,"Red Bell Pepper, Tomato",12,"6,7",,,,Matcha Spread,20,6,,1.1,2022-10-07,The House That Passes Out Raisins,
S2,80,Cinnamon Raisin,6,3,Ham,12,7,Ädelost,6,2,"Corn, Pumpkin Puree",12,"4,9",Tajin,20,15,Ketchup,20,1,,2.9,2022-10-10,The Monster Mush,
S2,81,Freezer Ends,6,1,"Butter & Reroll, Spam, Bologna",12,"12,1,3",Swiss,6,4,"Lettuce, Banana Peppers",12,"1,8",Bacon,20,5,Dill Pickle Mustard,20,19,,10,2022-10-12,The Jurassic Pork,
S2,82,Pumpkin Bread,6,4,Vegan Chicken Patty,12,5,Vegan Provolone,6,3,Tomato,12,"7,11",Candy Corn,20,3,Cranberry Horseradish,20,18,,3,2022-10-14,The Trick or Trick,
S2,83,Pumpkin Bread,6,4,"Butter & Reroll, Butter & Reroll, Ham",12,"12,7",Merlot,6,6,"Banana Peppers, Parsley",12,"8,10",Scrambled Eggs,20,16,Cranberry Horseradish,20,20,,8.3,2022-10-17,The David S. Pumpkins,
S2,84,Freezer Ends,6,2,Leftovers,12,4,Fontina,6,6,"Avocado, Cucumber",12,"4,5",Bacon,20,5,Barbecue Sauce,20,12,,10,2022-10-19,The 'Za-mbie,
S2,85,Onion Roll,6,5,Bologna,12,3,Swiss,6,4,"Alfalfa Sprouts, Banana Peppers",12,"2,8",Szechuan Peppercorn,20,13,Cheetah's Hot Sauce,20,11,,9.1,2022-10-21,The Ghoul Boy,
S2,86,Pumpernickel,6,6,Turkey,12,8,Colby Jack,6,3,"Cucumber, Parsley",12,"5,10",Pumpkin Spice,20,6,Curry Mustard,20,7,,7.5,2022-10-24,The Loser's Club Sandwich,
S2,87,Sourdough,6,4,Salami,12,5,Colby Jack,6,3,Lettuce,12,"1,11",Pork Floss,20,16,Kewpie Mayo,20,5,,9.3,2022-10-26,The Werewolf,
S2,88,Onion Roll,6,5,Egg Salad,12,2,Swiss,6,4,"Cucumber, Green Pepper",12,"5,6",The Deck of Many Things: The Fates,20,1,Black Truffle Mustard,20,3,,7.1,2022-10-28,The Eggy Krueger,
S2,89,Hawaiian,6,3,"Butter & Reroll, Peanut Butter",12,"12,9",Cinnamon toscano,6,5,Banana Peppers,12,"8,11",Snickers,20,3,Onion Dressing,20,9,,6,2022-10-31,Jekyll & Hyde,
S2,90,Hawaiian,6,3,"Ham, Roast Beef",12,"7,8",Jarlsberg Spread,6,6,"Lettuce, Bamboo Shoots",12,"1,3",Salt and Pepper,20,18,Stadium Mustard,20,20,,10,2022-11-04,The Fates' Favor,
S2,91,Freezer Ends,6,2,Pickled Herring,12,2,Vegan Cream Cheese,6,2,"Tomato, Pickled Onions",12,"7,10",Bacon,20,5,Cranberry Horseradish,20,18,,2.9,2022-11-11,"Red, White, and Ew",Yes
S2,92,Everything Bagel,6,4,Salami,12,5,"Gloucester, Gloucester",6,"1,3","Cucumber, Pickled Onions",12,"5,10","Gummy Worms, Extra Cheese",20,"2,20",Sticker Mule Hot Sauce,,,,6.3,2022-11-18,"I ""Chews"" You!",
S2,93,Everything Bagel,6,4,Leftovers,12,4,Swiss,6,2,Green Olives,12,"8,11",Pickled Eggs,20,14,Fruity Pebbles Syrup,20,6,,6.8,2022-11-25,The FlintStoner,
S2,94,Rye,6,3,"Green Bean Casserole, Sweet Potato Casserole, White Turkey",12,"5,6,1",,,,,,,"Bell Peppers, Leftovers",12,"6,8",Barbecue Sauce,20,12,,7.4,2022-11-28,The Midwest Mess,
S2,95,Hawaiian,6,6,"Mashed Potatoes, Dark Turkey, Candied Carrots",12,"9,3,11",,,,,,,"Leftovers, Cranberry Sauce",12,"10,4",Wickles Spicy Red,20,8,,9.6,2022-11-29,The Phoenix,
S2,96,Rye,6,3,"Dark Turkey, Stuffing",12,"3,8",,,,,,,"Fresh Mozzarella, ""Moistmaker""",12,"3,11",Yellow Mustard,20,10,,10,2022-11-30,The Pure-Bread,
S2,97,Japanese Milk,6,6,Eggs,12,10,Provolone,6,6,"Lettuce, Grapes",12,"1,3",Pickle Seasoning,20,9,Melinda's Green Sauce,20,11,,8.7,2022-12-02,The Green Eggs and 'Pan,
S2,98,Garlic Texas Toast,6,3,Buck stick,12,2,Provolone,6,6,"Lettuce, Shallots",12,"1,9",Bacon,20,20,Marshmallow Fluff,20,2,,7.2,2022-12-05,The Bah Hum-Buck,
S2,99,Oat Nut,6,4,Bacon,12,7,Havarti,6,5,"Strawberries, Bell Pepper",12,"2,6",Bacon,20,5,Dorothy Lynch Salad Dressing,20,16,,9.5,2022-12-07,"99 Problems, but Bacon Ain't One",
S2,100,Oat Nut,100,99,Roast beef,100,62,Colby Jack,100,87,"Green Olives, Cucumber",##,"59,38",Chips,##,18,Kimchi Mayo,100,63,,8,2022-12-09,The Centennial,
S2,101,Fruitcake,6,2,Spam,12,1,Havarti,6,5,"Celery, None",12,"3,11",Tajin,20,15,Ginger Carrot Dressing,20,4,,6.7,2022-12-12,I'll be SPAM for Christmas,
S2,102,Fruitcake,6,2,Buck stick,12,2,Provolone,6,4,"Lettuce, Strawberries",12,"1,2",Pork Floss,20,16,Ketchup,20,1,,1.3,2022-12-14,My Taste Buds Got Run Over By A Reindeer,
S2,103,Seeded,6,5,Tuna,12,6,Colby Jack,6,3,"Lettuce, Tomato",12,"1,7",Cilantro,20,8,Ponzu,20,14,,8.1,2022-12-16,Merry Fishmas,
S2,104,Japanese Milk,6,6,Barbecue jackfruit,12,8,Colby Jack,6,3,"Avocado, Green Olives",12,"4,8",FIRE,20,19,Kewpie Mayo,20,5,,9.2,2022-12-19,The Jack of All Trades,
S2,105,No Bread,6,1,Barbecue jackfruit,12,8,Cave-aged Gruyere,6,6,"Cucumber, Cucumber",12,"5,5",Candy Cane,20,2,Ketchup,20,1,,0,2022-12-21,The Nightmare Before Christmas,Yes
S3,106,Strawberry Swirl,6,1,Salami,12,5,No Cheese,6,1,None,12,"11,11",Rose Petals,20,7,BBQ Onion Relish,20,3,,7.1,2023-01-06,The Glass Onion,
S3,107,Freezer Ends,6,4,Pork Rillettes,12,2,No Cheese,6,1,"Broccoli, Bell Pepper",12,"4,6",Cilantro,20,8,Kewpie Mayo,20,5,,5,2023-01-09,The Ennui,
S3,108,Freezer Ends,6,4,Tuna,12,6,No Cheese,6,1,"Cucumber, Pickles",12,"5,10",Truffle Salt,20,9,Mustard Dill Sauce,20,19,,8.3,2023-01-11,Sweet & Spicy Tuna (Sweded),
S3,109,Japanese Milk,6,6,Squid,12,1,Jarlsberg Spread,6,3,"Banana Peppers, Kale, Bell Pepper",12,"9,1,6",Tajin,20,15,Beano's,20,9,,0,2023-01-13,The Gezora,Yes
S3,110,Gluten Free,6,2,Buffalo Burger,12,7,Provolone,6,4,Tomato,12,"7,11",Chips,20,17,Ponzu,20,14,,9.5,2023-01-16,Home on the Range Burger,
S3,111,Strawberry Swirl,6,1,Leftovers,12,4,Blueberry Goat,6,6,"Lettuce, Tomato",12,"2,7",Chips,20,17,Ketchup,20,1,,8.2,2023-01-18,2 Sweet 2 Fruitiness,
S3,112,Freezer Ends,6,4,Ham,12,8,Feta,6,3,"Cucumber, Olives",12,"5,8",Pork Floss,20,16,Red Pepper Jelly,20,13,,7.1,2023-01-20,Adonis's Boar,
S3,113,Pumpernickel,6,3,Roast Beef,12,3,Swiss,6,5,"Cucumber, Tomato",12,"5,7",Szechuan Peppercorn,20,13,Barbecue Sauce,20,12,,9.9,2023-01-23,The Comfortably Numb,
S3,114,Lettuce Wrap,6,2,Deviled Ham,12,1,Reindeer Mjukost,6,2,"Lettuce, Onion",12,"2,8",Mixed Nuts,20,6,Craft Beer Mustard,20,20,,5.6,2023-01-25,The Devil's Lettuce,
S3,115,Sesame Bun,6,3,Salami,12,5,Havarti,6,4,"Lettuce, Bell Pepper",12,"2,6",Pickled Ginger,20,10,Woeber's Superior Mustard,20,15,,8,2023-01-27,The Woe' Boy,
S3,116,Sesame Bun,6,3,Salami,12,5,No Cheese,6,1,"Cucumber, Sugar Snap Peas",12,"5,6",The Deck of Many Things: The Skull,20,1,"Colman's Mint,
 Seaweed Jelly,
 Melinda's Green Sauce,
 Ginger Carrot Dressing,
 Kewpie Mayo,
 Buffalo Mayo,
 Mustard Dill Sauce,
 Honey Chipotle Peanut Butter,
 Red Pepper Jelly",20,"17,3,11,8,20,12,19,7,13",,2.1,2023-01-30,The Nein,
S3,117,Gluten Free,6,1,Beef Jerky,12,3,Queso Fresco,6,3,"Sugar Snap Peas, White Onion",12,"6,8",Sumac,20,18,Melinda's Green Sauce,20,11,,8.7,2023-02-01,The Turkey Jerky,
S3,118,Beer Cheese Pub Rolls,6,5,Leftovers,12,4,Swiss,6,5,"Celery, Giardiniera",12,"2,9",Extra Sauce,20,4,"Dill Mayo, Branson Pickle",20,"5,15",,7.5,2023-02-03,The Pickle Chick,
S3,119,Lettuce Wrap,6,2,Pickled Herring,12,2,Havarti,6,4,"Pickled Okra, Pickles",12,"3,10",Pickled Ginger,20,10,Mustard Dill Sauce,20,19,,4,2023-02-06,Pickles All the Way Down,
S3,120,Wheat,6,2,Pepperoni,12,5,Queso Fresco,6,3,None,12,"11,11",Ice Cream,20,2,Colman's Mint,20,17,,9.4,2023-02-10,The Frozen Pizza,
S3,121,Hotdog Bun,6,4,"Buffalo Wings, Bratwurst",12,"8,9",Cheese Tray,6,3,"Sauerkraut, Tomato",12,"1,7",Chex Mix,20,8,French Onion Dip,20,8,,8.3,2023-02-11,D&D: Bratwurst Among Cheese,
S3,122,Gluten Free,6,1,Garlic Bologna,12,7,Swiss,6,3,"Pineapple, Pickled Carrots",12,"4,5",Crispy Onions,20,3,Pesto,20,11,,5.1,2023-02-13,Not the Besto,
S3,123,Freezer Ends,6,4,"Chicken, Turkey",12,"9,10",No Cheese,6,1,"Pickled Carrots, Sugar Snap Peas",12,"5,6",Chicken Salt,20,8,Yellow Mustard,20,10,,5.4,2023-02-15,Birds of a Feather,
S3,124,Sesame Bun,6,3,"Salmon Spread, Chicken",12,"8,10",No Cheese,6,1,"Celery, Pickled Okra",12,"2,3",Crispy Onions,20,3,Ketchup,20,1,,2.8,2023-02-17,Catch-up of the Day,Yes
S3,125,Everything Bagel,6,5,Salmon Spread,12,8,Honey Goat Cheese,6,6,"Onion, Onion",12,8,Tajin,20,15,Dill Mayo,20,20,,8.6,2023-02-20,"Lox, Sauce & 2 Toasted Bagels",
S3,126,Freezer Ends,6,4,Pickle Loaf,12,9,Queso Fresco,6,3,"Pickled Okra, Avocado",12,"3,5",Chicken Salt,20,8,Melinda's Parmesan Garlic,20,9,,7.8,2023-02-22,Namekian Fusion,
S3,127,Banana Bread,6,1,Chicken,12,10,Butterkäse,6,6,Radish,12,"2,11",Truffle Salt,20,9,Branson Pickle,20,15,,4,2023-02-24,"The ""Split the Party""",
S3,128,Banana Bread,6,1,Garlic Bologna,12,7,No Cheese,6,1,"Capers, Dandelion Greens",12,"5,10",Chocolate Chips,20,10,Craft Beer Mustard,20,6,,2.6,2023-02-27,The Bitter Banana,Yes
S3,129,Everything Bagel,6,5,Pickle Loaf,12,9,Havarti,6,3,"Pickled Green Beans, Onion",12,"4,8",Tony Chachere's,20,11,B**chin' Sauce,20,18,,7.7,2023-03-01,The Triple B,
S3,130,Grilled Cheese Sandwich,6,6,Pepperoni,12,5,Swiss,6,5,"Radish, Giardiniera",12,"2,9",Fruit Roll-Up,20,3,Pesto,20,11,,9.5,2023-03-03,Sandwichception,
S3,131,Pumpernickel,6,3,Leftovers,12,4,Swiss,6,5,Capers,12,"5,11",Sumac,20,18,Old Bay Hot Sauce,20,19,,8.6,2023-03-06,Pig in Fish's Clothing,
S3,132,Pumpernickel,6,3,Bratwurst,12,8,Vegan American,6,2,"Sauerkraut, Cucumber, Raspberries",12,"1,6,10",Truffle Salt,20,9,Vegemite & Butter,20,3,,8.2,2023-03-08,The Walkabout Kraut,
S3,133,Cinnamon Raisin,6,4,Tuna,12,3,Swiss,6,4,Lettuce,12,"7,11",Szechuan Peppercorn,20,13,Brown Mustard,20,13,,6,2023-03-27,Not-so-Wild Shape,
S4,134,12 Grain,6,3,Roll Cheese Twice,12,10,"American, Extra Sharp Cheddar",6,"2,5",Capers,12,"9,11",Rally's Fry Seasoning,20,13,Dr. Pepper Syrup,20,4,,4,2023-04-07,The Flat Stanley,
S4,135,Sourdough,6,6,"Pickled Bologna, Pepperoni",12,"8,9",Provolone,6,3,"Cucumber, Pickles",12,"4,5",Chicken Salt,20,11,Piccalilli,20,6,,9.7,2023-04-10,The Toast Balone-y,
S4,136,Sourdough,6,6,Pepperoni,12,9,Nacho Cheese,6,5,"Lettuce, Pickled Jalapeños",12,"1,8",Bacon Bits,20,6,Taco Bell Mild Sauce,20,10,,8.6,2023-04-12,Tex-Mex Nacho Twist,
S4,137,Waffles,6,2,Ham,12,7,Provolone,6,3,Banana,12,"7,11",Chips,20,17,Jam,20,20,,8.4,2023-04-14,Green Fairy's Brunch,
S4,138,Pretzel Bun,6,5,Seafood Salad,12,3,Provolone,6,3,"Spinach, Apple",12,"7,10",Ground Cloves,20,9,Craft Beer Mustard,20,18,,6.8,2023-04-17,Der Herbstfisch,
S4,139,12 Grain,6,5,BBQ Pork,12,11,Spray Cheese,6,1,"Spinach, Raisins",6,"5,1",Pop Rocks,12,12,Bourbon Barrel Mustard,20,15,,7.9,2023-04-19,The Call of House Rocks,
S4,140,Cherry,6,2,Dr Pepper Baked Beans,12,1,Red Dragon Cheddar,6,6,Whiskey Cornichons,12,"5,11",Takis,20,13,Jalapeño Ketchup,20,5,,0,2023-04-21,Beanhamut,Yes
S4,141,Fairy Bread,6,1,Serrano Ham,12,7,Provolone,6,2,"Sun-dried Tomatoes, Red Onion",12,"4,6",Bacon Bits,20,6,Magnifisauce,20,16,,8.4,2023-04-24,Fairies Wear Boots,
S4,142,White,6,5,Pepperoni,12,9,Red Dragon Cheddar,6,6,"Lettuce, Pickled Turnips",12,"1,3",Oregano,20,7,Craft Beer Mustard,20,18,,9.2,2023-04-26,Red Dragon's Respite,
S4,143,12 Grain,6,3,"Vienna Sausage, Serrano Ham",12,"2,7",Goat Gouda with Nettles,6,5,"Asparagus, Tomato",12,"4,10",Spruce Tip Salt,20,8,Sriracha Ketchup,20,7,,5.1,2023-04-28,The Lackluster Armor,
S4,144,Pretzel Bun,6,6,Roast Beef,12,6,Cheez-Whiz,6,1,"Asparagus, Banana, Bell Pepper, Tomato",12,"2,1,8,6",Oreos,20,13,Hot Sauce,20,5,,4.5,2023-05-01,Charlie & the Chocolate Monstrosity,
S4,145,Rye,6,5,Tuna,12,5,Boursin (shallot & chive),6,6,"Dried Figs, Red Onion",12,"4,6",Extra Sauce,20,19,"MayoChup, Piccalilli",20,"4,18",,8.7,2023-05-03,The Fig Oppor-tuna-ty,
S4,146,Croissant,6,6,Pepperoni,12,3,Feta,6,3,"Broccoli, Avocado",12,"5,7",Sesame Seeds,20,14,English Mustard,20,13,,10,2023-05-05,"Thanks Gerblin, It's Fire!",
S4,146L,Waffles,6,,Pepperoni,12,9,"Grated Parmesan, Grated Parmesan, Grated Parmesan",6,1,"Pickled Onions, Olives",12,,Grill it!,20,,MayoChup,20,,,9.3,2023-05-06,Third Time's the Parm,
S4,147,Sourdough,6,5,Brisket,12,8,Boursin (shallot & chive),6,5,"Green Onion, Carrots",12,"3,10",Dill,20,8,Düsseldorf Mustard,20,19,,10,2023-05-08,Risk it for the Brisket,
S4,148,Potato Bread,6,4,Brisket,12,8,Swiss,6,4,"Cabbage, Peas",12,"5,6",Cayenne Pepper,20,15,HP Sauce,20,8,,5.9,2023-05-10,The Shambling Mound,
S4,149,Potato Bread,6,4,Chicken,12,3,Primosale Fantasia,6,6,"Pickled Jalapeños, Pickled Jalapeños",12,7,Oregano,20,20,Melinda's Green Sauce,20,19,,8.8,2023-05-12,Jalapeño Business,
S4,150,Sourdough,6,6,"Salami, Corned Beef",12,"6,7",Provolone,6,2,"Cabbage, Pickled Turnips",12,"5,10",The Deck of Many Things: The Idiot,20,1,English Mustard,20,13,,9.3,2023-05-15,Death by Pink,
S4,151,Cinnamon Swirl,6,5,Corned Beef,12,7,Swiss,6,4,"Banana, Dried Figs",12,"1,4",Ramen Seasoning,20,3,Ghost Pepper Ketchup,20,3,,3.5,2023-05-17,The Will-o'-Wisp,Yes
S4,152,Cheesecake Factory House,6,3,Chicken & Ham Paste,12,2,Spray Cheese,6,3,"Pickled Jalapeños, Red Onion",12,"7,8",Doritos Hot Mustard,20,12,Black Garlic Mayo,20,16,,7.1,2023-05-19,The Molecular Gastronomy,
S4,153,Potato Bread,6,4,Chicken Salad,12,9,Bacon Mjukost,6,5,"Green Onion, Cabbage",12,"3,5",Dill Pickle Seasoning,20,20,Kewpie Mayo,20,12,,8.2,2023-05-22,Mucho Mayo,
S4,154,Uncrustables,6,1,Salami,12,8,Pepper Jack,6,2,"Cucumber, Pickled Jalapeños",12,"6,7",Dill Pickle Seasoning,20,13,Comeback Sauce,20,13,,8.9,2023-05-24,The Crustless Cucumber Comeback,
S4,155,"CF House, Potato Bread",6,"3,4",Crab Paste,12,2,Swiss,6,3,"Cabbage, Cabbage",12,5,Chips,20,12,English Mustard,20,13,,1.2,2023-05-26,The Camden Crabbage,Yes
S4,156,Cinnamon Swirl,6,5,Pickled Bologna,12,7,Spray Cheese,6,1,"Lettuce, Cucumber",12,"2,6",Pork Rinds,20,6,Mango Habanero Sauce,20,19,,9,2023-05-31,Cinnamon Pork's Crunch,
S4,157,Hotdog Bun,6,1,Leftovers,12,4,Pepper Jack,6,2,"None, None",12,11,Grippo's BBQ Seasoning,20,14,Big Mac Sauce,20,6,,9.5,2023-06-02,McG.I Joe,
S4,158,Cheesecake Factory Brown Bread,6,4,None,12,10,"Spray Cheese, Colby Jack",6,"1,4","Olives, Bell Pepper",12,"4,10",Cayenne Pepper,20,15,Black Garlic Mayo,20,16,,6.8,2023-06-05,The Jailbreak,
S4,159,White,6,6,Salami,12,3,Swiss,6,6,"Avocado, Fiddleheads",12,"1,3",Tajin,20,6,Big Mac Sauce,20,6,,9.1,2023-06-07,Taste of the Wild,
S4,160,White,6,2,Bacon,12,5,Camembert,6,5,"Lychee, Red Onion",12,4,Chips,20,4,Branson Pickle,20,10,,7.2,2023-06-09,The Bert-B-Que,
S4,161,Naan,6,4,Egg Salad,12,6,Swiss,6,3,"Whiskey Cornichons, Coconut",12,"8,9",MSG,20,17,Tajin Chamoy Mild Sauce,20,9,,4.2,2023-06-12,Way Too Egg-stra,
S4,162,Elephant Ear,6,1,,12,"3,6","Provolone, Muenster",20,"1,3","Marshmallows, Dried Figs",6,3,Wafflemaker,20,20,Nutella,20,20,,9.6,2023-06-14,The Elephant in the Room,
S4,163,Italian Herb and Cheese,6,6,Ham & Cheese Loaf,12,3,Cottage Cheese,6,1,"Pickled Carrots, Fiddleheads",12,"7,10",Green Goddess Seasoning,20,11,Japanese Barbecue Sauce,20,17,,4,2023-06-16,Beer and Loafing in my Kitchen,
S4,164,Sourdough,6,5,Roast Beef,12,8,Muenster,6,3,"Cucumber, Red Onion",12,"2,4",Strawberry Popping Boba,20,3,Herdez Guacamole Salsa,20,20,,7.3,2023-06-19,The Magnitude,
S4,165,Sourdough,6,5,,12,,"Muenster, Espresso Lavender",20,"6,12","Apple, More Cheese!",20,"6,10",Stovetop,20,7,Carolina Gold Barbecue Sauce,20,7,,10,2023-06-21,The Cheese Blessing,
S4,166,Wheat,6,3,"Butter & Reroll, Chicken Deli Style",12,"12,7",Espresso Lavender,6,6,"Mushy Peas, None",12,"1,11",Dill Weed,20,8,Ranch King Ranch,20,13,,7,2023-06-23,Goodnight Mush,
S4,167,Brioche,6,6,,,,"Tuscan Blend, Pepper Jack",20,"2,4","Red Onions, Pear",20,"5,7",Boil in a Bag,20,1,Tajin Chamoy Mild Sauce,20,9,,4.5,2023-06-28,The Bag Man,
S4,168,Fruit Loops Cookie,6,1,Dino Nuggies,12,10,Provolone,6,4,"Apple, Apricot",12,"3,9",Sandwich Sprinkle,20,7,Kewpie Mayo,20,12,,7,2023-06-30,Cretaceous Cookie Crumble,
S4,169,Wheat,6,3,"Roll Two, Tuna, Ham & Cheese Loaf",12,"11,2,3",Fresh Mozzarella,6,5,"Cucumber, Tomato",12,"2,4",This is the way (Mando waffle maker),20,19,Comeback Sauce,20,8,,5.2,2023-07-03,This Ain't The Way,
S4,170,Brioche,6,6,"Beef Paste, Sardine & Tomato Paste",12,1,Muenster,6,3,"Apple, Green Onion",12,"3,8",BIG BAD KETCHUP,20,6,Branson Pickle,20,10,,0,2023-07-05,The Revenge of King George III,
S4,171,Rye,6,4,Bologna,12,10,Strawberry Cream Cheese,6,1,"Avocado, Garlic",12,"6,8",Glitter,20,15,Melinda's Garlic Habanero Hot Sauce,20,16,,7.1,2023-07-10,The Van Helsing,
S4,172,Cinnamon Raisin,6,2,Braunschweiger,12,9,Havarti,6,3,"Spinach, Spinach",12,"9,9",Dill Weed,20,8,Roasted Garlic Jam,20,18,,7.7,2023-07-12,The Popeye,
S4,173,Hawaiian,6,2,Bologna,12,10,Quesadilla Cheese,6,3,"Water Chestnuts, Watermelon",12,"1,7",Red Hot Riplets Seasoning,20,12,Melinda's Garlic Habanero Hot Sauce,20,16,,4.7,2023-07-17,The Hot Water,
S4,174,Soda Bread,6,5,Spam,12,2,Brie,6,6,"Bean Sprouts, None",12,"2,11",Cilantro Lime Pepper Salt,20,10,Jam,20,14,,2.1,2023-07-19,Soda-pressing,Yes
S4,175,Rye,6,4,Salami,12,4,Pesto Picante Gouda,6,6,"Water Chestnuts, Nopales",12,"1,3",Heat it up,20,20,BIG BAD KETCHUP,20,1,,6.5,2023-07-24,The Sokka,
S4,176,"Roll for Each Slice, Bagel, Rye",6,"6,3,5",Salami,12,4,Pesto Picante Gouda,6,6,"Grapes, Grapes",12,"9,9",Mini Stroop Waffles,20,5,Jalapeño Relish,20,3,,5,2023-07-26,The Grape Escape,
S4,177,Organic Super Bread,6,4,"Roll Twice, Fried Egg, Roll Twice, Roast beef, Leftovers",12,"11, 4, 11, 8, 10",Port Wine Spread,6,1,"Mango, Tomato",12,"5,6",Crushed Red Pepper Flakes,20,9,Keen's Mustard,20,16,,4.3,2023-07-31,The UF-Oh No!,
S4,178,Hawaiian,6,2,Ham,12,5,Port Wine Spread,6,1,"Banana Peppers, Giardiniera",12,"4,8","Pork Rinds, Chile & Lime",20,8,Mayonnaise,20,12,,9.6,2023-08-02,The Pork Re-Port,
S4,179,Pizza Slices,6,6,"Butter & Reroll, Ham",12,"12,5",Extra-aged Gouda,6,2,"Radishes, Tomato",12,"2,6",Fennel Seed,20,11,Tahini Dressing,20,13,,2,2023-08-04,The Pizza-Trash,Yes
S4,180,Hawaiian,6,4,Meatballs,12,3,Freeze-dried Cheese Curds,6,2,"Shallots, Pickled Jalapeños",12,"7,9",Spruce Tip Salt,20,16,Melinda's Black Pepper Ketchup,20,2,,8.9,2023-08-09,Spaceballs: The Sandwich,
S4,181,Wheat,6,2,Roast Beef,12,8,Lavender Gouda,6,4,"Giardiniera, Sea Grapes",12,"8,10",Chocolate Flavored Cotton Candy,20,2,Melinda's Hot Habanero Honey Mustard Sauce,20,20,,6.5,2023-08-11,Grape Expectations,
S4,182,Hawaiian,6,2,Leftovers,12,4,Pesto Gouda,6,4,"Pickled Carrots, Pickled Onions",12,"5,6",Sazon,20,4,Tingly Ted's Extra Hot Sauce,20,15,,9.2,2023-08-14,The FateEd,
S4,183,Freezer Ends,6,5,Meatballs,12,3,Freeze-dried Cheese Curds,6,2,"Tomato, Pickled Jalapeños",12,"6,9",Grippo's BBQ Seasoning,20,15,Sandwich Spread,20,17,,8.8,2023-08-16,The Meat-eor Shower,
S4,184,Wheat,6,2,Gentlemen's Relish Anchovy Paste,12,1,Havarti,6,3,"Nopales, Arugula",12,"3,5",Black Truffle Spread,20,7,Tiger Sauce,20,7,,4.6,2023-08-18,The Gentlemen and the Tiger,
S4,185,Organic Super Bread,6,6,Pastrami,12,6,Port Wine Spread,6,6,"Sandwich Pickles, Pickled Jalapeños",12,"6,9",Skyline Chili,20,18,Japanese Barbecue Sauce,20,15,,8.6,2023-08-21,The Blast from the PASTrami,
S4,186,Wheat,6,2,Portobello Mushroom,12,10,Provolone,6,2,"Baby Spinach, Tomato",12,"3,7",Plum Powder,20,4,Pineapple Habanero Hot Sauce,20,10,,7.1,2023-08-23,Shroom for Improvement,
S4,187,Matzo,6,1,Roast Beef,12,8,Manchego Cheese,6,5,"Arugula, Olives",12,"6,10",Skyline Chili,20,18,Tahini Dressing,20,13,,7.5,2023-08-25,The 7-Unleavened,
S4,188,Sourdough,6,6,Leftovers,12,9,Bacon Horseradish Cheddar,6,6,"Cucumber, Chives",12,"2,4",The Deck of Many Things,20,1,Sandwich Spread,20,19,,8.7,2023-08-28,The Bombayconator,
S4,189,Wheat,6,2,Truffle Salami,12,11,Buffalo Wing Cheddar,6,1,"Chives, Mint",12,"4,7",Black truffle spread,20,7,Hoagie Dressing,20,13,,8.9,2023-08-30,The Double Truffle,
S4,190,Freezer Ends,6,5,Fried Eggs,12,4,Havarti,6,3,"Dragonfruit, Giardiniera",12,"5,8",Old Bay,20,10,Pineapple habanero hot sauce,20,10,,6.6,2023-09-06,The Dragon's Egg,
S4,191,Tortilla,6,4,Turkey,12,3,Provolone,6,2,"Snow Peas, Snow Peas",12,"4,4",Licorice Coins,20,5,Maple Champagne Mustard,20,17,,5.1,2023-09-08,The Ferryman's Fee,
S4,192,Bagel,6,3,Fish Sticks,12,2,Manchego Cheese,6,5,"Snow Peas, Butter Lettuce",12,"4,6",Kettle Corn Seasoning,20,6,Jam,20,9,,6.3,2023-09-11,Eleventh's Lunch,
S4,193,Sourdough,6,6,Dried Beef,12,1,Havarti,6,5,"Strawberries, None",12,"3,11",Brown Sugar,20,14,Coffee Syrup,20,3,,5.4,2023-09-13,The Cupp'a Mud Cover Up,
S4,194,Wheat,6,2,Canadian Bacon,12,7,Steakhouse Onion Cheddar,6,4,"Pickles, Pickles",12,"8,8",White Pepper,20,13,Heckler Hot Sauce,20,18,,9.7,2023-09-15,"The Cubano, Canada",
S4,195,Sourdough,6,6,Turkey,12,3,Gruyère,6,3,"Cucumber, Tomato",12,"2,7",Pumpkin Spice,20,18,Sand-Wich Dressing,20,16,,7,2023-09-18,The Basic Bird,
S4,196,Brioche,6,6,Prosciutto,12,5,Gruyère,6,3,"Green Pepper, Cantaloupe",12,"5,10",Chips,20,10,Eggplant Spread,20,11,,4.1,2023-09-20,Panino al Dolore,
S4,197,Ezekiel,6,2,Leftovers,12,9,Dill havarti,6,5,"Green Pepper, Broccoli",12,"5,8",Twix Shakers,20,12,Jalapeño Relish,20,6,,4.6,2023-09-22,Mom's Spaghetti,
S4,198,Brioche,6,6,Dried Beef,12,2,Steakhouse Onion Cheddar,6,4,"Pumpkin Spice Pickles, Ranch, Pickles",12,"1,4",Salt and Pepper,20,11,White Chocolate Spread,20,4,,4,2023-09-25,The Mimic,
S4,199,Baguette,6,3,"Pastrami, Pancetta",12,"4,10",Peppadew Cheddar,6,4,"Giardiniera, Roll Twice, Baby Spinach, Sweet Horseradish Pickles",12,"12,8,3,5",Cilantro Lime Pepper Salt,20,10,TRUFF White Truffle Hot Sauce,20,18,,9.8,2023-09-27,The Tarasque,
S4,200,Tim Horton's Donut-Apple Fritter,6,1,Wendy's Spicy Nuggets,12,2,McDonald's American cheese,6,4,"KFC Corn, Qdoba Pickled Onions",12,"3,9",McDonald's Apple Pie Filling,20,6,Culver's Signature Sauce,20,13,,6.3,2023-09-29,The Fetch Quest,
S5,201,Hagelslag Toast,6,1,Asiago Spinach Chicken Sausage,12,4,Baby Swiss,6,2,Radicchio,12,"6,11",Grippo's BBQ Chips,20,15,Xxxtra Hot Sauce,20,3,,8.7,2023-10-09,Vlokken-stein's Monster,
S5,202,Ezekiel,6,2,BBQ Pork,12,7,Colby Jack,6,4,"Pumpkin Spice Pickles, Gooseberries",12,"1,9",Eat Sandwich in a Subway,20,4,Pesto,20,6,,4,2023-10-11,Pass Without Trace,
S5,203,Croissant,6,6,PB & J,12,2,Baby Swiss,6,2,"Pumpkin Spice Pickles, Red Onion",12,"1,8",Pork Rinds,20,8,Red Pepper Mayo,20,10,,7,2023-10-13,The Tiefling,
S5,204,,,,,,,,,,,,"3,11",,,,,,,,,,,
S5,205,Ezekiel,6,2,Canadian Bacon,12,6,Babybel,6,1,Old Bay Pickles,12,"3,11",Pan-Fry in Butter,20,19,Steakhouse Pepper Mayo,20,17,,10,2023-10-16,The Merle,
S5,206,Apple Strudel Bread,6,3,Canned Liverpate,12,1,Babybel,6,1,"Kool-Aid Pickles, Radicchio",12,"2,6",Candy Corn,20,2,South African Chutney,20,15,,1.1,2023-10-18,The Curse of the Black Pickle,Yes
S5,207,Freezer Ends,6,1,Capicola,12,9,Edam,6,5,"None, None",12,"11,11",Almond Crunch Sauce,20,17,Kewpie Mayo,20,18,,10,2023-10-20,The Crunch Squad,
S5,208,Sourdough,6,4,Eggs,12,3,Baby Swiss,6,2,Banana Peppers,12,"10,10",Black Licorice Jelly Beans,20,7,Sweet Hot Mustard,20,9,,6.5,2023-10-23,The Bean Freak,
S5,209,Everything Bagel,6,2,Hot Dog,12,5,Baby Swiss,6,2,Kale,12,"5,11",Mango Atchar,20,17,Wasabi Mustard,20,11,,5.9,2023-10-25,The Hellhound,
S5,210,Apple Strudel Bread,6,3,Braunschweiger,12,8,Queso Fresco,6,6,"Kool-Aid Pickles, Avocado",12,"2,9",Dippin' Jus,20,14,Toasted Garlic Mayo,20,13,,8.9,2023-10-27,The Dunkey,
S5,211,Everything Bagel,6,2,Capicola,12,9,Queso Fresco,6,6,"Tomato, Red Onion",12,"7,8",Magic Shell (Make It Cold),20,8,Barbecue Sauce,20,20,,4.1,2023-10-30,The Cold Day In Shell,
S5,212,Oatmeal Bread,6,5,Ham,12,9,Comte,6,3,Pickles,12,"2,11",Homemade Pork Rinds,20,,Red Pepper Mayo,20,10,,9.7,2023-11-01,Piggy In Pink,
S5,213,Freezer Ends,6,1,PB & J,12,2,Shrimp Mjukost,6,1,,12,,1 Tablespoon Cumin,20,6,Mrs. Mustard,20,16,,0.8,2023-11-03,I'm Only Cumin,Yes
S5,214,Onion Roll,6,2,"Turkey, Leftovers",12,"4,5",Red Leicester,6,6,"Lotus Root, Banana Peppers",12,"4,10",Kewpie Mayo,20,20,Drunken Jerk,20,5,,4.8,2023-11-06,Quesa the Mondays,
S5,215,Onion Roll,6,2,Prosciutto,12,6,Colby Jack,6,4,"Kale, Red Onion",12,"5,8",Celery Salt,20,12,BIG BAD KETCHUP,20,1,,5.2,2023-11-08,The Red Meh,
S5,216,Schiacciata,6,5,"Baba Ghanoosh, Ham",12,"7,9",Peppadew Cheddar,6,5,"Jicama, Pickles",12,"1,2",While Listening to Christmas Shoes,20,11,Toasted Garlic Mayo,20,13,,7.5,2023-11-13,The Holiday Ham,
S5,217,Oatmeal Bread,6,2,Turkey,12,4,Shrimp Mjukost,6,1,"Persimmon, Green Onion",12,"3,9",Seaweed Snacks,20,8,Chunky Garlic Hot Sauce,20,14,,4.3,2023-11-15,The Sandwich of Many Things,
S5,218,Cheddar Bacon Sourdough,6,4,Roast Beef,12,10,Horseradish Cheddar,6,6,"Kale, Carrots",12,"5,6",Pumpkin Spice,20,15,Sweet Hot Mustard,20,20,,9.7,2023-11-17,"Sweet, Hot, American Autumn",
S5,219,Pretzel Bun,6,6,Ham,12,9,Limburger,6,2,"Persimmon, Green Onion",12,"3,9",Wash It Down with a Crisp Clearly Canadian,20,16,Wasabi Mustard,20,"6,11",,6.1,2023-11-20,"The Ham, Foot & Mouth",
S5,220,Honey Oat,6,6,Salmon Spread,12,4,Muenster,6,5,"Pickled Okra, Alfalfa Sprouts",12,"4,8",Sauce Flip,20,13,Chunky Garlic Hot Sauce,20,14,,8.3,2023-11-22,The 180 Fish Flip,
S5,221,Pretzel Bun,6,4,Corned Beef,12,6,Horseradish Cheddar,6,6,"Pickled Okra, Iceberg Lettuce",12,"4,8",Celery Salt,20,12,Kewpie Mayo,20,18,,10,2023-11-24,The Corned Cutie,
S5,222,Honey Oat,6,6,"Green Beans, Ham, Mashed Potatoes, Shrimp",12,"2,7,10,11",Muenster,6,5,None,12,"1,4",Roll For Cheese!,12,5,Gravy,6,6,,6.6,2023-11-27,The Fridge Raider,
S5,223,Tortilla,6,4,Sweet Capicola,12,9,Havarti Dill,6,2,"Banana, Chives",12,"1,4",Bacon,20,16,Sweet Red Pepper Mayo,20,15,,8.9,2023-11-29,Bananas Watson,
S5,224,Freezer Ends,6,2,Ham,12,9,Halloumi,6,5,"Tomato, Marinated Mushrooms",12,"7,8",Truffle Salt,20,11,Superior Mustard,20,8,,9.1,2023-12-02,"The It's Halloumi, Mario!",
S5,225,Tavern Roll,6,5,Chicken,12,8,Havarti,6,4,"Carrots, Baby Bok Choy",12,"3,5",Make it Greasy!,20,9,Gravy,20,10,,0,2023-12-04,The Danny Zuko,Yes
S5,226,Freezer Ends,6,2,Imitation Crab,12,2,Muenster,6,3,"Marinated Mushrooms, Avocado",12,"8,10",Dry Roasted Edamame,20,13,Jalepeno Glaze,20,9,,6.7,2023-12-06,The Crumbly Crab,
S5,227,Onion Rye,6,4,Salami,12,10,Cheddar with Irish Porter,6,6,"Green Onion, Avocado",12,"9,10",Dry Roasted Edamame,20,13,Tubby's Italian Dressing,20,"9,16",,9.2,2023-12-08,The Tubby Toucan,
S5,228,Onion Rye,6,4,Olive Loaf,12,8,Buffalo Wing Cheddar,6,5,"Shredded Lettuce, Cocktail Onions",12,"3,6",Toilet (Bag it Up),20,2,Kewpie Mayo,20,18,,7,2023-12-11,The Unholy Diver,
S5,229,Freezer Ends,6,2,"Butter & Reroll, Chicken Salad",12,"4,12",Muenster,6,3,"Baby Bok Choy, Tomato",12,"5,7",Bacon,20,20,Melinda's Ghost Pepper Buffalo Ranch,20,5,,8.5,2023-12-13,Marley's Chicken Bacon Ranch,
S5,230,Freezer Ends,6,2,Ham,12,9,Steakhouse Onion Cheddar,6,6,"Shredded Lettuce, Pickled Okra",12,"3,4",Microwave It!,20,13,Heckler Hot Sauce,20,17,,5.5,2023-12-15,The Soggy Bottom Boy,
S5,231,Gingerbread house kit,6,1,"Roll Twice, Tuna, Salami",12,"11,1,10",Swiss,6,2,"Plum, Green Onion",12,"2,9",Candy Cane,20,15,Colman's Mint,20,12,,0.5,2023-12-18,The H.O.A,Yes
S5,232,Wheat,6,3,Grilled chicken,12,4,Limburger,6,1,"Shredded Lettuce, Celery",12,"2,3",Sliced Almonds,20,10,"""Bad kitty""",20,4,,4.3,2023-12-20,The Smelly Cat,
S5,233,Rum stollen,6,2,Bologna,12,8,Havarti,6,4,"Shredded Lettuce, Pepperoncini",12,"3,8","Roll Twice, Eggnog Au Jus, Dark Chocolate Marzipan",20,"1,9",Sweet Billy Ray's BBQ Sauce,20,3,,0,2023-12-22,How the Nog Stoll Christmas,Yes
S5,234,Sourdough,6,6,Tuna,12,5,Limburger,6,1,"Pickled Scallions, Pepperoncini",12,"7,10",Tinned Oysters,20,3,Heckler Hot Sauce,20,14,,4.3,2024-01-08,The Lost Lunch of Atlantis,
S5,235,Wheat,6,3,Chicken,12,6,Colby Jack,6,3,"Pickled Brussel Sprouts, None",12,"4,11",Chia Seeds,20,14,Horseradish Mustard,20,18,,4.9,2024-01-10,The Middle of the Crossroads,
S5,236,Spinach and Feta Bread,6,5,Corned beef,12,7,Saffron Gold Fleece (manchego style),6,6,"Watermelon Radish, Green Pepper",12,"3,6",Sesame Seeds,20,16,Windy City Sauced,20,17,,8.8,2024-01-12,The Third Coast Argonaut,
S5,237,Pumpernickel,6,4,Buck stick,12,9,Muenster,6,4,"Green Onion, Green Pepper",12,"4,6",Salmon Skin Chips,20,4,Lemon Chili Sauce,20,14,,7.1,2024-01-15,The Fish and Game Club,
S5,238,Waffles,6,3,Pepperoni,12,10,Parmesan Reggiano,6,6,"Broccoli Rabe, Tomato",12,"5,8",Jubes,20,7,Cranberry Horseradish,20,5,,4.5,2024-01-17,The Waffle Horse,
S5,239,Detroit English Muffin,6,2,Buck stick,12,9,Chèvre (goat cheese),6,5,"Romaine, Packo's Pickles",12,"2,10",Bacon,20,20,Chipotle Ketchup,20,2,,8.9,2024-01-19,The Birthday Buck,
S5,240,White,6,2,Refried Beans,12,5,Parmesan Reggiano,6,6,"Romaine, Green Onion",12,"2,4",Mushroom Jerky,20,8,Roasted Sesame Dressing,20,16,,6.2,2024-01-24,The Umami Bomb,
S5,241,Sourdough,6,6,"Butter & Reroll, Corned Beef",12,"12,1",Provolone,6,2,"Kimchi, Pickles",12,"9,10",Chips,20,15,Kewpie Mayo,20,12,,9.1,2024-01-26,The Canned Heat,
S5,242,Sourdough,6,6,Chorizo,12,9,Muenster,6,4,"Green Onion, Fresh Habenero",12,"4,5",Chili Crisp,20,14,Drunken Jerk,20,8,,5,2024-01-29,The Descent Into Avernus,
S5,243,Garlic Bread,6,5,Black Bean Burger,12,2,Colby Jack,6,3,"Artichoke Hearts, Artichoke Hearts",12,"8,8","Simon & Garfunkel (Parsely, Sage, Rosemary, Thyme)",20,15,Japanese Barbecue Sauce,20,20,,7,2024-01-31,The Scarborough Fare,
S5,244,White,6,2,Chorizo,12,9,Muenster,6,2,"Grapefruit, White Onion",12,"6,7",Beet Chips,20,7,Windy City Sauced,20,17,,6.2,2024-02-02,The Punxsutawney Potluck,
S5,245,Pumpernickel,6,4,Scrapple,12,3,No Cheese,6,1,"Tomato, None",12,"10,11",Sesame Seeds,20,18,Horseradish Mustard,20,18,,6.7,2024-02-05,The Scrapplejack,
S5,246,Sourdough,6,6,Maple Spam,12,4,Pimento Cheese,6,4,"Green Onion, None",12,"4,11",Chili Crisp,20,14,Bone-sucking Mustard,20,10,,9.6,2024-02-07,The Spamento,
S5,247,Gluten Free,6,2,Leftovers,12,8,Muenster,6,2,"Kumquat, None",12,"1,11",Make it Greece-y!,20,12,Tubby's Italian Dressing,20,19,,9.5,2024-02-09,Hamburger Hellas,
S5,248,Punch Ki (Polish donut),6,1,Chorizo,12,9,Colby Jack,6,3,"Cucumber, Shredded Lettuce",12,"5,6",Mochi Snacks,20,9,Balsamic Vinegar Glaze,20,20,,5.2,2024-02-12,Mochi-do About Nothing,
S5,249,Sub Bun,6,3,Ham,12,7,Garlic,6,4,"Green Pepper, Tomato",12,"6,10",Au Jus,20,18,Branson Pickle,20,15,,9.2,2024-02-14,Cheesehead Over Heels,
S5,250,Gluten Free,6,2,Scrambled Eggs,12,5,No Cheese,6,1,"Beets, White Onion",12,"3,7",Ball it up!,20,10,Whipped Cream,20,7,,2.1,2024-02-16,Orb is Sandwich,Yes
S5,251,Pumpernickel,6,4,Black Bean Burger,12,2,Fontina,6,6,"Green Onion, Cucumber",12,"4,5",Chips,20,17,Steakhouse Pepper Mayo,20,20,,7.9,2024-02-19,Bean-addicting CuCumbersand,
S5,252,Sub Bun,6,3,Ham,12,7,Colby Jack,6,3,"Kumquat, White Onion",12,"1,7",Chai Spice Peanut and Almond Butter,20,13,Country Sweet Sauce,20,15,,4.4,2024-02-23,The Skag Chow,
S5,253,Sourdough,6,5,Pastrami,12,8,No Cheese,6,1,"Hungarian Wax Pepper, Green Pepper",12,"5,6",Sweetheart Candies,20,7,Soy Sauce,20,7,,1.3,2024-02-26,The Heart Attack,Yes
S5,254,White,6,4,Turkey,12,6,Fontina,6,5,"Watermelon, Tomato",12,"3,10",Au Jus,20,18,Kewpie Mayo,20,12,,8.9,2024-02-28,MELONkainen's Fantastic Sandwich,
S5,255,Tomato Basil,6,6,Jamon Serrano,12,7,Swiss,6,3,"Rainbow Chard, Tomato",12,"7,10",MSG,20,12,Melinda's Hot Honey,20,11,,9,2024-03-01,The Spanish Flea,
S5,256,Tomato Basil,6,6,Corned Beef,12,10,Swiss,6,3,"Cucumber, Giardiniera",12,"3,4",Humanize it!,20,5,Tubby's Italian Dressing,20,19,,8.5,2024-03-04,Tom,
S5,257,Sub Bun,6,3,Tempeh,12,1,Ricotta Salta,6,6,"Apple, Apple",12,"11,11",Chopped,20,10,Spicy Pear Mostarda,20,14,,7.1,2024-03-06,The Chop Fruity,
S5,258,White,6,4,Deli Sliced Chicken,12,6,Swiss,6,3,"None, None",12,"11,11",Extra Sauce,20,15,"Mr. Mustard, ""Bad Kitty""",20,"13,3",,5.4,2024-03-08,The Jon Arbuckle,
S5,259,Sub Bun,6,4,Turkey,12,3,Fontina,6,5,"Green Pepper, Tomato",12,"6,10",Sugar Cookie Dough,20,4,Miso Ghost Reaper Sauce,20,4,,3.6,2024-03-11,K-19 Widowmaker,
S5,260,Schiacciata,6,6,Pastrami,12,8,No Cheese,6,1,"Giardiniera, Pickled Jalapeños",12,"7,8",Extra Sauce,20,15,"Crema de Aji, Pizza Hot Sauce",20,"8,15",,9.6,2024-03-13,The Tavern Special,
S5,261,Sourdough,6,5,Scrambled Eggs,12,5,Ricotta Salta,6,6,"None, None",12,"11,11",Sprinkles,20,3,BIG BAD KETCHUP,20,15,,4.5,2024-03-15,The Egg Boi,
S5,262,Gluten Free,6,3,Ham Salad,12,2,Muenster,6,2,"Frog Balls, Lettuce",12,"2,8",Montreal Steak Seasoning,20,12,Crema de Aji,20,8,,5.9,2024-03-18,Frogging Ball-Y,
S5,263,Potato Bread,6,5,Garlic Summer Sausage,12,9,Provolone,6,3,"Watercress, Pickles",12,"5,9",Chips,20,17,Fire-roasted Garlic Habanero Hot Sauce,20,4,,8.3,2024-03-20,The Summer Heat,
S5,264,Potato Bread,6,5,Lomo Iberico,12,7,Ricotta Salta,6,5,"Watercress, None",12,"5,11",Saltines,20,7,Tapatio,20,11,,6.9,2024-03-22,The Arrakis,
S5,265,Tomato Basil,6,4,Garlic Summer Sausage,12,9,Provolone,6,3,"Watercress, Green Pepper",12,"5,6",Tortilla Strips,20,13,Pizza Hot Sauce Ranch,20,15,,9.6,2024-03-25,The Crunchwrap,
S5,266,Rye,6,5,Mortadella,12,9,Peppadew Cheddar,6,5,"Dates, Pickles",12,"1,10",Popcorn Salt,20,7,Crema de Aji,20,8,,8.7,2024-03-27,A Date with Fate,
S5,267,Rye,6,5,Bologna,12,6,Spray Cheese,6,2,"Artichoke Hearts, Pickles",12,"5,9",St Elmo's Seasoning,20,14,Fire-roasted Jalapeño Hot Sauce,20,19,,5.2,2024-03-29,The Cheese Wizard's Curse,
S6,268,Danish Kringle (Pecan),6,1,Tuna,12,6,White Cheddar,6,4,"Plums, None",12,"3,11",Popcorn Salt,20,7,Stormin' Sauce,20,16,Midwest Salad,4.2,2024-04-12,Storm King's Blunder,
S6,269,Sourdough,6,6,Leftovers,12,4,Fresh Cheese Curds,6,3,"Lettuce, Dates",12,"5,7",St Elmo's Seasoning,20,14,Sour Cherry Spread,20,6,Toast Bread,9.5,2024-04-15,Dim Sum Pair-O-Dice,
S6,270,Rye,6,5,Snapping Turtle Jerky,12,1,Fresh Cheese Curds,6,3,"Lettuce, None",12,"5,11",Caviar,20,4,Sweet Soy Sauce,20,5,Toast Bread,2.1,2024-04-17,Saswich Upset,Yes
S6,271,Croutons,6,1,Mortadella,12,10,Irish Whiskey Cheddar,6,5,"Sour Garlic Pickles, None",12,"10,11",Chopped,20,,Kewpie Mayo,20,20,,6,2024-04-19,Chopped & Screwed,
S6,272,Freezer Ends,6,2,Ham,12,7,Melted Raclette,6,6,"Potato, Pickles",12,"4,10",Smoked Finishing Salt,20,18,Tapatio,20,11,Toast Bread,9.9,2024-04-22,The Swiss Near Miss,
S6,273,Oat Nut,6,5,Sweet Abruzzese,12,8,Champagne Cheddar,6,6,"Lettuce, Tomato",12,"5,6",Extra Sauce,20,15,"Root Beer Glaze, Stormin' Sauce",20,"4,16",Summon S+P,8.2,2024-04-24,Root for the Home Team,
S6,274,Cinnamon Raisin,6,3,Bacon,12,10,Spray Cheese,6,1,"Capers, Avocado",12,"4,9",Uncooked Ramen,20,9,Saint Elmo's Cocktail Sauce,20,14,Toast Bread,7,2024-04-26,The Collegiate Crunch,
S6,275,Oat Nut,6,5,Bacon Spam,12,5,Provolone,6,3,"Olives, Red Onion",12,"3,8",Tortilla Strips,20,13,Maple Peppercorn Mustard,20,18,Toast Bread,7.8,2024-04-29,The Unarmed Strike,
S6,276,Freezer Ends,6,2,Gummy Frog,12,2,Chocolate Cheese,6,2,"Dates, Pickles",12,"2,10",St Elmo's Seasoning,20,14,Hot Honey,20,7,Toast Bread,3.7,2024-05-01,The Boggy,
S6,277,Freezer Ends,6,2,Tuna,12,6,Cheddar Blue,6,4,"Lettuce, Pickled Onions",12,"5,8",Natto,20,2,Mister Mustard,20,13,"Toast Bread, Midwest Salad",1,2024-05-03,"Natto Today, Satan",Yes
S6,278,Sourdough,6,6,Ham,12,7,Mobay,6,5,"Capers, Tomato",12,"4,6",Quail Eggs,20,11,Champagne Dill Mustard,20,20,"Toast Bread, Summon S+P",9.4,2024-05-06,Quail of Waterdeep,
S6,279,Sourdough,6,5,Leftovers,12,4,Chocolate Cheese,6,1,"Cocktail Onions, Pickles",12,"4,10",Baby Puffs,20,5,BIG BAD KETCHUP,20,2,Toast Bread,2,2024-05-10,The Kiddie Cocktail,Yes
S6,280,Freezer Ends,6,2,Pepperoni,12,9,Provolone,6,3,"Lettuce, None",12,"5,11",Kimchi Seasoning,20,19,Cool Enough For You (Five Iron Frenzy),20,19,Toast Bread,8.1,2024-05-13,The Pep Band,
S6,281,Cinnamon Raisin,6,3,Chicken Liver Pate,12,1,Telegio,6,5,"Guava, Tomato",12,"2,6",Dried Dragon Fruit,20,3,Southwest Horseradish Sauce,20,8,Toast Bread,7.9,2024-05-15,The Weal and Woe,
S6,282,Pepperoni Bread,6,6,Pepperoni,12,9,Fresh Mozzarella,6,6,"Fennel, Cocktail Onions",12,"3,4",Quail Eggs,20,11,Huckleberry Jam,20,9,Toast Bread,8.9,2024-05-17,The Huckleberry Win,
S6,283,Sourdough,6,5,Chicken Liver Pate,12,1,Fontina,6,6,"Pickled Jalapeños, Pickled Jalapeños",12,"8,8",Tortilla Strips,20,13,Acapulco Joe's,20,10,Toast Bread,8.6,2024-05-20,The Jalapen-Joe,
S6,284,Pepperoni Bread,6,6,BBQ Pork,12,10,Fontina,6,6,"Strawberry, Pickles",12,"3,10",TMNT (Pizza Seasoning),20,15,Maple Peppercorn Mustard,20,18,Toast Bread,7.5,2024-05-22,The Peppa Pig,
S6,285,Oat Nut,6,4,"Roll Two, Chorizo, Pepperoni",12,"11,8,9",Fontina,6,6,,12,,Chips,20,17,Pineapple Salsa,20,13,Leafy Step,9.3,2024-05-24,The Pine-nino,
S6,286,Rye,6,4,Pepperoni,12,7,Havarti Dill,6,2,"Green Pepper, Pickles",12,"7,10",Extra Sauce,20,8,"Pineapple Salsa, Clam Juice",20,"13,1",,6.5,2024-05-29,The 124 Conch St.,
S6,287,Moon Pie,6,1,Roast Beef,12,7,Havarti Dill,6,3,"Tomato, Green Pepper",12,"6,7",Szechuan Peppercorn,20,13,Kewpie Mayo,20,12,,4.1,2024-05-31,Moons Over My Sammy,
S6,288,Sourdough,6,5,"Butter & Reroll, Bratwurst",12,"12,3",Blue,6,4,"Pickles, Sauerkraut",12,"3,4",Popcorn Salt,20,7,Craft Beer Mustard,20,8,,9.1,2024-06-05,Brat To Go,
S6,289,White,6,3,Bologna,12,10,Colby Jack,6,2,"Jarred Mushrooms, Jarred Mushrooms",12,"2,2",TMNT (Pizza Seasoning),20,15,Tamarind Peach Hot Sauce,20,9,Toast Bread,5.2,2024-06-07,The MushRoom for Improvement,
S6,290,Baguette,6,6,Chicken Salad,12,3,Tandoori Gouda,6,6,"Pickles, Tomato",12,"3,10",TMNT (Pizza Seasoning),20,15,Chili Crisp,20,7,Summon S+P,10,2024-06-12,The Demi Dehli-catessen,
S6,291,Waffle,6,1,Corned Beef,12,7,Tandoori Gouda,6,6,"Salad Turnips, Sauerkraut, Sauerkraut",12,"5,12,4,4",Shoup Seasoning,20,9,Saint Elmo's Cocktail Sauce,20,14,,7,2024-06-14,The Elmo Eggo,
S6,292,Ciabatta,6,4,Corned Beef,12,7,Pepper Jack,6,3,"Cucumber, Rhubarb",12,"2,6",Peanut Butter Puffs,20,5,Tamarind Peach Hot Sauce,20,9,,6.8,2024-06-17,"The Peanut, Puff, Pass",
S6,293,Pretzel Bun,6,5,Buffalo Chicken Breast,12,5,Processed Singles,6,1,"Pickles, None",12,"3,11",Pickle Sprits,20,16,Piccalilli,20,17,Invoke Pan,7.2,2024-06-19,The Pretzel Pan-demonium,
S6,294,Rye,6,6,Ham,12,1,Liptauer,6,4,"None, Roll Twice, Pickles, Green Pepper",12,"11,12,3,7",Bonito Furikake,20,6,Craft Beer Mustard,20,8,"Toast Bread, Transmute Main",6.7,2024-06-21,The All-Barbarian Party,
S6,295,??? (Mystery),6,1,Corned Beef,12,7,Pepper Jack,6,3,"Watermelon, None",12,"8,11",Hot Grill Summer (Grill Outside),20,17,Alaskan Bullwhip Hot Sauce,20,11,,7.2,2024-06-24,Sweet Summer Pie,
S6,296,Sourdough,6,5,Kielbasa,12,4,Cranberry Goat Cheese,6,2,"Fermented Mustard Greens, Sauerkraut",12,"1,4",Smoked Finishing Salt,20,12,Pad Thai Sauce,20,15,,6.7,2024-06-26,The Krakow Pigeon,
S6,297,French Toast,6,1,Bologna,12,10,Provolone,6,2,"Green Onion, Morels",12,"4,10",FIRE,20,19,"Lose a Spell Slot & Reroll, Korean BBQ Drizzle",20,"2,10",Toast Bread,9.1,2024-06-28,The Beverly Hillbilly,
S6,298,Hawaiian,6,4,Kielbasa,12,5,Horse Radish Havarti,6,5,"Fresh Basil, Pickles",12,"7,10",Funyuns,20,11,Alaskan Bullwhip Hot Sauce,20,11,Toast Bread,8.3,2024-07-10,The Non-Contiguous Nosh,
S6,299,Sourdough,6,5,Mortadella,12,8,Colby Jack,6,2,"Blackberries, Red Onion",12,"3,4",Plantain Chips,20,14,Unicorn Pride Hot Sauce,20,16,,6.6,2024-07-12,The Not-So-Goodberry,
S6,300,Hawaiian,6,6,"Butter & Reroll, Chicken",12,"12,6",Horse Radish Havarti,6,5,"Lettuce, Fresh Basil",12,"8,7",FIRE,20,19,Ketchup,20,2,,8.4,2024-07-15,The Help Action,
S6,301,Wheat,6,3,Simmenthal,12,2,Liptauer,6,4,"Kiwi, Lettuce",12,"3,8",Salt Water Taffy,20,3,Pad Thai Sauce,20,15,Toast Bread,0,2024-07-18,"All Taffy, No Laughy",Yes
S6,302,"Roll for Each Slice, Waffle, Sourdough",6,"1,4,5",Chicken,12,6,Muenster,6,3,"Pansies, Kiwi",12,"1,3",Sage,20,9,Key Lime Curd,20,4,,9,2024-07-19,Curd to the Wise,
S6,303,Subway Italian Herb and Cheese,6,5,McDonalds Filet O Fish Patty,12,2,KFC Mac and Cheese,6,2,"Taco Bell Onion, Jimmy Johns Avocado",12,"1,6",Culver's Cheese Curds,20,17,Taco Bell Avocado Ranch,20,18,,3.7,2024-07-22,The Miggy,
S7,304,Hawaiian,6,6,Ham,12,9,Provolone,6,1,"Prickly Pear, Cucumber",12,"1,2",TMNT (Pizza Seasoning),20,15,Curry Saus,20,14,Toast Bread,8.7,2024-08-12,The Check for Traps,
S7,305,Texas Toast,6,4,Egg Salad,12,4,Peppadew Cheddar,6,4,"Pickled Onions, Pickles",12,"5,10",Peanut Brittle,20,7,Alaskan Bullwhip Hot Sauce,20,11,,7.4,2024-08-14,Brittle Me This,
S7,306,Texas Toast,6,4,Roast Beef,12,8,Muenster,6,3,"Lettuce, Pickles",12,"8,10",Kimchi Seasoning,20,18,Piccalilli,20,17,Toast Bread,9.5,2024-08-16,The Bard's Toast,
S7,307,Freezer Ends,6,2,Fish Sandwich (Alaskan Pollock Filet),12,3,Peppadew Cheddar,6,4,"Fresh Basil, None",12,"7,11",Cotton Candy Mistake (Spicy Jalepeno Cotton Candy),20,6,Ketchup,20,2,Toast Bread,2,2024-08-19,The Nasty Patty,Yes
S7,308,Freezer Ends,6,2,Tuna,12,4,Pistachio Primosale,6,6,"Cucumber, Daikon Radish",12,"2,6",TMNT (Pizza Seasoning),20,15,Flavortown (Carolina BBQ),20,8,Toast Bread,5.6,2024-08-21,The Dungeons & Dragons & Diners & Drive-Ins & Dives,
S7,309,Texas Toast,6,4,"Butter & Reroll, Roast Beef",12,4,Pistachio Primosale,6,6,"Pickled Onions, Lettuce",12,"5,8",CHOPPED,20,10,"Korean BBQ Drizzle, Kewpie Mayo",20,"20,5","Toast Bread, Second Sauce",10,2024-08-23,The Senshi-sational,
S7,310,"Roll for Each Slice, Texas Toast, Sourdough",6,"1,4,5",Canadian Bacon,12,7,Provolone,6,1,"Fresh Basil, None",12,"7,11",Extra Sauce,20,8,"Alaskan Bullwhip Hot Sauce, Tamarind Peach Hotsauce",20,"11,9",,4.8,2024-08-26,The Sauced Cause,
S7,311,Sourdough,6,5,Canadian Bacon,12,7,Havarti,6,5,"Carrots, Lettuce",12,"3,8",CRABS!!! (Tamagogani Dried Crab Snacks),20,3,Kewpie Mayo,20,12,,3.5,2024-08-28,The Cremling Crunch,
S7,312,"Roll for Each Slice, Italian, Pumpernickel",6,"1,5,6",Olive Loaf,12,3,Swiss,6,2,"Green Pepper, Lettuce",12,"6,7",Peanut Brittle,20,7,Flavortown (Carolina BBQ),20,6,,7.2,2024-09-04,The Brittle Lily,
S7,313,Hotdog Bun,6,3,Ham,12,9,Muenster,6,6,"Fresh Dill, Sport Peppers",12,"5,9",CURSE: Silence 3 Episodes,20,4,Wasabi Sauce,20,4,SILENCED,7,2024-09-07,The Cosmo-not Dog,
S7,314,Chipati (Flatbread),6,5,Scotch Eggs,12,5,Swiss,6,5,"Tomato, Mardari* (Mac & Cheese via Typo)",12,"5,3",Crowned (by the King of the Renn Fest),20,4,Boom Boom Sauce,20,5,SILENCED,9.5,2024-09-09,Sandwich Ala King,
S7,315,Freezer Ends,6,2,Pickled Bologna,12,6,Carolina Reaper Jack,6,1,"Green Onion, Green Onion",12,"4,4",Sage,20,9,Kewpie Mayo,20,20,SILENCED,7.3,2024-09-11,The Carolina Wren,
S7,316,Italian,6,5,Salami,12,10,Havarti,6,4,"Red Onion, Fresh Dill",12,"3,5",CURSE: Silence 3 Episodes,20,4,Columbian Pineapple Salsa,20,8,SILENCED,8.2,2024-09-13,The ReCursion,
S7,317,Italian,6,5,Ham,12,9,Extra Sharp Cheddar,6,5,"Green Onion, Sport Peppers",12,"4,9",Chips,20,20,Kewpie Mayo,20,20,SILENCED,10,2024-09-16,Old Faithful,
S7,318,Italian,6,5,Pickled Turkey Gizzards,12,1,Bacon Horseradish Cheddar,6,6,"Daikon Radish, Daikon Radish",12,"2,2",Rye Chips,20,16,Gochujang,20,7,SILENCED,5.2,2024-09-18,Tur-King Gizzard & the Sandwich Wizard,
S7,319,"Roll for Each Slice, Freezer Ends, Pumpernickel",6,"1,2,6",Canned Smoked Trout,12,2,Extra Sharp Cheddar,6,5,Tomato,12,"8,11",Marshmallow Bits,20,6,Salad Cream,20,10,SILENCED,2.9,2024-09-20,A Shadow of a Trout,Yes
S7,320,French Toast,6,4,Tuna,12,3,Muenster,6,3,"None, Roll Twice, Red Onion, Pickles",12,"11,12,5,10",Pumpkin Seeds,20,12,Heckler Hot Sauce,20,15,Toast Bread,4.7,2024-09-23,The Blue Monday,
S7,321,Sourdough,6,6,Pork Ribs,12,9,Peppadew Cheddar,6,4,"Tomato, Peppadew Peppers",12,"8,9",Smoked Finishing Salt,20,17,Chipotle Mustard,20,9,"Toast Bread, Green Flame Blade",10,2024-09-25,The Peppadew Pig,
S7,322,Sourdough,6,6,Leftovers,12,5,Carolina Reaper Jack,6,1,"Green Onion, Red Onion",12,"4,5",Astronaut Ice Cream,20,7,Ketchup,20,2,,3.5,2024-09-27,The Kryptonite,
S7,323,Italian,6,5,Pickled Bologna,12,6,Brunost,6,6,"Pickles, None",12,"10,11",CRABS!!! (Tamagogani Dried Crab Snacks),20,3,Ketchup,20,2,,0,2024-09-30,The Crabomination,Yes
S7,324,Pizza Slices,6,6,Meatballs,12,4,Peppadew Cheddar,6,3,"Rambutan, Roll Twice, Peppadew Peppers, Pickles",12,"4,12,9,10",Smoked Finishing Salt,20,17,Salsa Macha,20,17,,8.9,2024-10-02,The Good Night,
S7,325,Freezer Ends,6,2,Roast Beef,12,7,Brunost,6,6,"Lettuce, Sport Peppers",12,"7,7",Extra Sauce,20,13,"Spicy Brown Mustard, Ketchup",20,"20,2","Toast Bread, Relish Rebuke",7.4,2024-10-04,We Got Beef,
S7,326,Italian,6,4,Pickled Turkey Gizzards,12,2,Brunost,6,6,"Rambutan, Green Onion",12,"4,6",Ranch Seasoning,20,10,Kewpie Mayo,20,18,,5.2,2024-10-07,A Gizzard of Turk-sea,
S7,327,Italian,6,4,Mortadella,12,8,Parm Crisps,6,3,"Tomato, Pickles",12,"8,10",Dried Hibiscus,20,8,Super Power Sauce,20,19,Toast Bread,6.9,2024-10-09,The Flower Power,
S7,328,Freezer Ends,6,2,Mortadella,12,8,Carolina Reaper Jack,6,1,"Green Onion, Peppadew Peppers",12,"6,9",Smoked Finishing Salt,20,17,Salsa Macha,20,17,Toast Bread,8.5,2024-10-11,La Mort Ardente,
S7,329,White,6,3,Salami,12,7,Smoked Cheddar,6,6,"Red Onion, Sauerkraut",12,"5,7",Pumpkin Pie Spice,20,6,Curry Saus,20,13,,9.3,2024-10-15,A Hazy Shade of Autumn,
S7,330,Pumpernickel,6,1,Braunschweiger,12,8,Smoked Cheddar,6,6,"Radish, None",12,"4,11",Rye Chips,20,14,Milk,20,5,,5.1,2024-10-16,The Two Drink Minimum,
S7,331,Polish Hard Tack,6,1,Leftovers,12,5,Feta,6,2,"Sauerkraut, Sauerkraut",12,"7,7",Raddler,20,8,Salsa Macha,20,17,,6.2,2024-10-18,Jake's Hard Canape,
S7,332,Aberdeen Butteries,6,5,Black Pudding,12,2,Honey Goat Cheese,6,5,"Cucumber, Cucumber",12,"3,3",Sea Salt,20,20,Honey Mustard,20,11,,10,2024-10-23,Pure Dead Briliant,
S7,333,Baguette,6,5,Leftovers,12,5,Swiss,6,2,"Pickled Asparagus, Pickles",12,"3,10",Freeze Dried Candy,20,4,Cayenne Hot Sauce,20,20,,2.8,2024-10-25,The Soup-er Hero,Yes
S7,334,White,6,4,Salami,12,7,Smoked Cheddar,6,6,"Pickled Asparagus, Green Onion",12,"4,5",Cowboy Candy,20,9,Kewpie Mayo,20,18,Toast Bread,8.8,2024-10-28,The Rutin Tootin,
S7,335,White,6,4,Buffalo Chicken Breast,12,8,Steakhouse Onion Cheddar,6,5,"Pickles, None",12,"10,11",Pumpkin Seeds,20,12,Sweet Red Pepper Mayo,20,15,Toast Bread,9.2,2024-10-30,The Good Which,
S7,336,White,6,4,Peanut Butter,12,3,Gouda,6,2,"Olive Tapenade, None",12,"7,11",Kimchi Seasoning,20,14,Bunker Sauce,20,14,Toast Bread,5.9,2024-11-04,The Browncoat,
S7,337,Freezer Ends,6,1,Roast Beef,12,6,Swiss,6,3,"Cucumber, GoldDew Peppers",12,"3,9",Candy Corn,20,3,Champagne Dill Mustard,20,16,Toast Bread,6.2,2024-11-06,The Corned Beef,
S7,338,Rye,6,5,Ham,12,10,Limburger,6,1,"Green Onion, Tomato",12,"5,8",Slap Ya Mama,20,11,Clotted Cream,20,10,Summon S+P,7,2024-11-08,The Salty Mama,
S7,339,Jumbo Pickle,6,3,"Butter & Reroll, Butter & Reroll, Pepperoni",12,"12,12,9",Gouda,6,2,"Cucumber, Pickles",12,"3,10",Pickle Sprits,20,18,Kewpie Mayo,20,18,,6.7,2024-11-13,The Pickle Priest,
S7,340,Sourdough,6,6,Reindeer Pate,12,3,Dill Havarti,6,6,"Cucumber, Green Onion",12,"3,5",Ranch Seasoning,20,5,German Mustard,20,20,Toast Bread,6.2,2024-11-15,Reindeer Games,
S7,341,Sourdough,6,6,Dumplings,12,5,No Cheese,6,1,"Pickled Ginger, GoldDew Peppers",12,"1,9",Chow Mein Noodles,20,18,Japanese BBQ Sauce,6,6,Relish Rebuke,5,2024-11-20,The Ugly Dumpling,
S7,342,Icelandic Flatbread,6,4,Salami,12,7,Limburger,6,1,"Pickles, Pickles",12,"10,10",Smoked Finishing Salt,20,17,Best Wurst Hot Sauce,20,15,,6.2,2024-11-22,The Salt Flats,
S7,343,Freezer Ends,6,2,Turkey,12,8,Swiss,6,3,"Cucumber, Carrots",12,"3,4",Crispy Onions,20,10,Honey Mustard,20,11,,9.5,2024-11-25,The Cat's Pajamas,
S7,344,White,6,3,Ham,12,7,Champagne Cheddar,6,6,"Cucumber, Green Onion",12,"3,5",Bacon,20,19,Jalapeño Mustard,20,7,,9.7,2024-11-27,The Sparkling Swine,
S7,345,Rye,6,4,"Turkey, Stuffing, Roll Two, Pumpkin Pie, Pumpkin Pie",12,"4,6,8,1,1",Baked Brie,6,6,,12,,"Marshmallow Bits, Melt",20,"1,7","Cranberry Sauce, Kewpie Mayo",20,"3,7",Foresight,10,2024-11-19,Seer-iously Good,
S7,346,Rye,6,5,California Roll,12,3,Gouda,6,2,"Orange, Pickled Ginger",12,"2,7",Extra Sauce,20,13,"Thai Sweet Chili, Green Sauce",6,"1,5",,7.6,2024-12-04,Christmas in California,
S7,347,Rye,6,5,Black Bean Burger,12,6,Champagne Cheddar,6,6,"Pickled Grean Beans, GoldDew Peppers",12,"4,9",Candy Cane,20,4,Butterscotch Pudding,20,3,Toast Bread,1.3,2024-12-06,Candy Cane Pain,Yes
S7,348,None,6,1,Reindeer Pate,12,3,No Cheese,6,1,"Water Chesnuts, None",12,"1,11",The Deck of Many Things: Ruin (Blender),20,1,Toum,20,13,,0,2024-12-09,Deck the Halls,Yes
S7,349,Rye,6,3,Hot Dog,12,9,Shrimp Cheese Spread,6,2,"Lettuce, Bell Pepper",12,"6,7",Cheese Salad,20,14,Honey,20,10,,7.3,2024-12-11,The Two Dog Rye,
S7,350,Cinnamon Swirl,6,6,"Butter & Reroll, Turkey",12,"12,7",Havarti,6,4,"Starfruit, None",12,"1,11",Chips,20,17,Salsa Macha,20,17,"Toast Bread, Summon Bacon",8.7,2024-12-13,The Christmas Star,
S7,351,Chocolate Chip Muffin Tops,6,3,Leftovers,12,4,Gouda,6,2,"Pickles, Pickles",12,"10,10",Cowboy Candy,20,9,Kewpie Mayo,20,10,Transmute Sauce,6.6,2024-12-16,Up on the Muffin Top,
S7,352,Cinnamon Swirl,6,6,Ham,12,9,Swiss,6,3,"Orange, Pickles",12,"2,10",Eggnog Au Jus,20,3,Licorice Mustard,20,12,,5.2,2024-12-18,The Polar Eggs-press,
S7,353,White,6,5,Turkey,12,7,Fontina,6,6,"Cucumber, Avocado",12,"3,8",Christmas Tree Cake,20,6,Icelandic Hotdog Mustard,20,19,Toast Bread,7,2024-12-20,The Turkey Tannenbaum,
S8,354,Bagel,6,6,Turkey,12,7,Sharp Cheddar,6,5,"Pickled Cauliflower, Avocado",12,"5,8",Old Bay,20,12,Subway Chipotle,20,17,,7.2,2025-02-03,We're Back Baybay!,
S8,355,Skonsa,6,2,"Roll Twice, Sheep's Head Jam, Sheep's Head Jam",12,"12,1,1",Ham and Bacon Cheese Spread,6,4,"Turnip, Pepper",12,"2,7",Curried Herring,20,5,Hot Sauce,20,14,,1.5,2025-02-05,The Black Sheep,
S8,356,Bagel,6,6,Chicken Salad,12,8,Sharp Cheddar,6,5,"Kelp Pickles, None",12,"10,11",Paçoca,20,10,Kewpie Mayo,20,19,Summon Lettuce,9.1,2025-02-07,The Paçoca Tano,
S8,357,Flatbread,6,1,Christmas Ham,12,11,Spiced Cheese,6,1,"Pepper, Red Currant",12,"7,11",Potato Salad,20,16,Kewpie Mayo,20,18,,9.2,2025-02-12,The North Atlantic Currant,
S8,358,Rye,6,5,Surimi Eels,12,1,Muenster,6,3,"Onion, Tomato",12,"4,8",Tajin,20,20,Beer Mustard,20,18,"Toast Bread, Summon S+P",4.1,2025-02-14,The Drunken Klingon,
S8,359,Oat Nut,6,4,Refried Beans,12,5,Cumin Gouda,6,6,"Adzuki Beans, Grapes",12,"1,2",Malic Acid,20,3,Fish Sauce,20,2,,0,2025-02-17,The Kazaamwich,Yes
S8,360,Freezer Ends,6,2,Kielbasa,12,3,American Singles,6,2,"Grapes, Pickled Cauliflower",12,"2,5",Chips,20,11,Fruit Pouch,20,6,Toast Bread,3.6,2025-02-19,The Kiddie Kielbasa,
S8,361,Oat Nut,6,5,"Leftovers, Turkey",12,"11,4,7",Strawberry Cream Cheese,6,1,"Kelp Pickles, None",12,"10,11",Furikake Seasoning,20,8,Remoulade,20,10,,6.3,2025-02-21,The Even Kiel,
S8,362,Rye,6,6,Bologna,12,6,Havarti,6,4,"GoldDew Peppers, Tomato",12,"7,6",Tajin,20,15,Pita Sauce,20,11,Summon S+P,8.7,2025-02-24,The Short Rest,
S8,363,Strawberry,6,3,Corned Beef,12,10,Havarti,6,4,"Kiwi, Pickled Cauliflower",12,"1,5",Smoked Finishing Salt,20,16,Kewpie Mayo,20,19,Toast Bread,9.4,2025-02-26,Bite of the Conchord,
S8,364,Croissant,6,6,Turkey,12,7,Boursin (garlic and herb),6,5,"Kiwi, Celery, Celery, Kelp Pickles",12,"12,12,1,5,5,10",Deviled Eggs,20,11,Subway Sweet Onion,20,13,,7.1,2025-02-28,The Green Devil,
S8,365,Schiacciata,6,5,Haggis,12,2,Chihuahua,6,4,"Celery, Celery",12,"5,5",Celery Salt,20,13,Raspberry Wasabi Mustard,20,16,Green Flame Blade,2.9,2025-03-03,The Queen of WInter,Yes
S8,366,Freezer Ends,6,2,Ham,12,9,Young Mimoulette,6,6,"Grapes, Lettuce",12,"2,6",Bacon,20,20,Pita Sauce,20,11,Toast Bread,9.9,2025-03-05,The Fastball Special,
S8,367,Banana Planks,6,1,"Butter & Reroll, Smoked Leg of Lamb",12,"12,3",Chihuahua,6,4,"Lettuce, None",12,"6,11",Pocky,20,6,Kewpie Mayo,20,19,,3.7,2025-03-07,The Walk the Plank,
S8,368,Potato,6,4,Corned Beef,12,10,Vegan Gouda,6,1,"Celery, Sport Peppers",12,"3,7",Celery Salt,20,13,Sour Baby Hot Sauce,20,14,,6.9,2025-03-10,bbnoMayo (Baby No Mayo),
S8,369,English Muffin,6,2,Ham,12,9,Vegan Gouda,6,1,"Dried Goji Berries, Dried Goji Berries",12,"1,1",Curse: Counterspell,20,2,Blueberry Spread,20,4,Toast Bread,6.6,2025-03-12,Oops All Berries,
S8,370,Sourdough,6,6,Meatballs,12,2,Havarti,6,2,"Celery, Onion",12,"3,4",Fortune Cookies,20,9,Beer Mustard,20,18,Toast Bread,3.1,2025-03-14,A Sandwich of Unfortunate Events,
S8,371,White,6,3,Ham,12,9,Boursin (garlic and herb),6,5,"Banana, Kelp Pickles",12,"2,10",Malic Acid,20,4,Raspberry Wasabi Mustard,20,16,,4.7,2025-03-17,Melf's Acid Sandwich,
S8,372,White,6,3,Ham,12,10,Cheddar,6,5,"Cucumber, Pickled Jalapeños",12,"5,10",Bacon,20,20,Subway Sweet Onion,20,13,Second Sauce,9.6,2025-03-19,The Familiar,
S8,373,English Muffin,6,2,Celery,12,2,Cream Cheese,6,2,Jalapeños,12,"10,10",Fruit Leather,20,7,Tiger Sauce,20,12,Toast Bread,6.8,2025-03-21,The Pepper Tiger,
S8,374,White,6,3,Salami,12,9,Young Mimoulette,6,6,"Red Onion, Red Onion",12,"4,4",Old Bay,20,12,Sour Cream,20,15,Toast Bread,6.2,2025-03-24,The Breath Weapon,
S8,375,Freezer Ends,6,1,Salami,12,9,Vegan Gouda,6,1,"Celery, None",12,"3,11",Black Lava Salt,20,17,Pizza Squeeze,20,18,Toast Bread,5.4,2025-03-26,The Personal Plague Pizza,
S8,376,Texas Toast,6,3,Andouille,12,5,Carolina Reaper Jack,6,1,"Jalapenos, None",12,"10,11",Curse: Creeping Dread,20,2,"Sour Baby Hot Sauce, Sour Cream",20,"14,11",Second Sauce,5.9,2025-03-28,Don't Fear The Reaper,